CustomerID,Recency,Frequency,Monetary,UniqueProducts,TotalItems,AvgOrderValue,TenureDays
12346,326,1,77183.6,1,74215,77183.6,326
12347,2,7,4310.0,103,2458,615.7142857142857,367
12348,75,4,1797.24,22,2341,449.31,358
12349,19,1,1757.55,73,631,1757.55,19
12350,310,1,334.4,17,197,334.4,310
12352,36,8,2506.04,59,536,313.255,297
12353,204,1,89.0,4,20,89.0,204
12354,232,1,1079.4,58,530,1079.4,232
12355,214,1,459.4,13,240,459.4,214
12356,23,3,2811.43,53,1591,937.1433333333333,326
12357,33,1,6207.67,131,2708,6207.67,33
12358,2,2,1168.06,13,248,584.03,151
12359,58,4,6372.58,214,1622,1593.145,332
12360,52,3,2662.06,105,1165,887.3533333333334,201
12361,287,1,189.9,10,91,189.9,287
12362,3,10,5226.23,201,2229,522.6229999999999,296
12363,110,2,552.0,23,408,276.0,242
12364,8,4,1313.1,70,1506,328.275,112
12365,291,2,641.38,22,174,320.69,291
12367,4,1,168.9,11,173,168.9,4
12370,51,4,3545.69,143,2353,886.4225,360
12371,45,2,1887.96,63,591,943.98,60
12372,72,3,1298.04,34,794,432.68,297
12373,311,1,364.6,14,197,364.6,311
12374,25,1,742.9300000000001,33,342,742.9300000000001,25
12375,11,2,457.5,14,178,228.75,98
12377,315,2,1628.12,72,944,814.06,355
12378,130,1,4008.62,219,2529,4008.62,130
12379,82,2,852.24,39,407,426.12,170
12380,22,4,2724.81,77,1127,681.2025,186
12381,5,5,1845.31,70,808,369.062,120
12383,185,5,1850.56,84,1532,370.11199999999997,352
12384,29,2,585.27,26,126,292.635,122
12386,338,2,401.9,10,354,200.95,367
12388,16,6,2780.66,57,1462,463.4433333333333,327
12390,80,1,549.84,32,353,549.84,80
12391,22,1,460.89,92,300,460.89,22
12393,72,4,1582.6000000000001,47,816,395.65000000000003,333
12394,64,2,1272.48,26,819,636.24,217
12395,19,12,3018.63,91,2118,251.5525,371
12397,36,2,2409.9,110,1263,1204.95,135
12398,46,1,1635.6599999999999,85,1394,1635.6599999999999,46
12399,119,4,1108.65,47,1178,277.1625,262
12401,303,1,84.3,5,11,84.3,303
12402,323,1,225.6,11,94,225.6,323
12403,50,1,427.7,5,96,427.7,50
12405,149,1,1710.39,54,857,1710.39,149
12406,22,2,3415.3,92,1818,1707.65,184
12407,50,5,1708.1200000000001,57,1416,341.624,264
12408,33,5,2888.55,81,1409,577.71,260
12409,79,3,11072.67,91,5551,3690.89,183
12410,309,2,693.3299999999999,26,211,346.66499999999996,309
12412,75,3,1226.88,43,829,408.96000000000004,169
12413,67,3,758.1,29,286,252.70000000000002,337
12414,217,3,562.41,16,300,187.47,310
12415,24,21,124914.53,444,77374,5948.310952380953,338
12417,3,9,3649.1,158,1552,405.4555555555555,358
12418,113,1,668.58,34,407,668.58,113
12420,64,1,600.39,29,345,600.39,64
12421,16,4,807.04,32,484,201.76,319
12422,96,3,803.5600000000001,39,370,267.85333333333335,325
12423,1,8,1859.31,97,1339,232.41375,354
12424,163,2,1760.96,30,740,880.48,163
12425,78,1,777.2,36,496,777.2,78
12426,195,1,582.73,30,258,582.73,195
12427,22,3,825.8,26,533,275.26666666666665,372
12428,26,9,7956.46,258,3536,884.0511111111111,284
12429,9,4,3750.4,82,1557,937.6,366
12430,43,1,256.4,11,117,256.4,43
12431,36,15,6487.45,163,2906,432.49666666666667,374
12432,43,5,5059.32,107,1801,1011.8639999999999,172
12433,1,7,13375.87,219,11071,1910.8385714285716,373
12434,85,2,806.14,46,394,403.07,260
12435,80,2,7829.89,31,2055,3914.945,268
12436,100,1,509.01,16,211,509.01,100
12437,2,18,4951.41,118,2922,275.0783333333333,331
12438,14,2,2906.85,84,1180,1453.425,140
12441,367,1,173.55,11,121,173.55,367
12442,3,1,172.06,12,182,172.06,3
12444,21,5,5005.46,138,1153,1001.092,171
12445,22,1,133.4,4,62,133.4,22
12446,58,1,1002.3100000000001,57,351,1002.3100000000001,58
12447,243,1,476.49,26,190,476.49,243
12448,44,1,449.45,22,243,449.45,44
12449,22,4,4067.29,118,1553,1016.8225,187
12450,156,2,197.88,7,128,98.94,173
12451,11,5,9035.52,265,6575,1807.104,325
12452,17,2,430.57,21,185,215.285,17
12453,134,1,707.09,43,473,707.09,134
12454,56,1,3528.34,15,1006,3528.34,56
12455,73,6,2466.86,85,2089,411.1433333333334,297
12456,44,3,3181.04,105,1633,1060.3466666666666,255
12457,66,7,2363.23,53,843,337.6042857142857,239
12458,71,2,947.4,35,506,473.7,285
12461,94,2,826.88,35,287,413.44,155
12462,19,2,1189.59,51,536,594.795,303
12463,53,4,1344.78,65,776,336.195,242
12464,10,8,1212.05,6,112,151.50625,309
12465,17,2,742.1899999999999,46,479,371.09499999999997,169
12468,188,2,729.5400000000001,36,366,364.77000000000004,316
12471,2,30,19824.05,150,8212,660.8016666666666,365
12472,32,7,6572.11,219,4148,938.8728571428571,369
12473,29,5,3938.5499999999997,140,2439,787.7099999999999,192
12474,17,18,7375.79,253,4847,409.7661111111111,330
12475,54,1,723.38,36,535,723.38,54
12476,16,11,6816.42,177,2408,619.6745454545454,361
12477,23,6,13219.74,191,3653,2203.29,302
12478,4,1,680.99,36,236,680.99,4
12479,11,1,527.2,31,385,527.2,11
12480,28,4,3281.63,129,1707,820.4075,336
12481,23,10,5596.32,150,3304,559.632,366
12483,17,8,2484.98,46,1110,310.6225,339
12484,33,6,4541.72,256,2191,756.9533333333334,336
12488,10,3,1298.66,46,529,432.8866666666667,76
12489,336,1,334.93,15,105,334.93,336
12490,5,10,5417.93,131,3064,541.793,330
12491,39,1,460.40000000000003,25,260,460.40000000000003,39
12492,63,2,263.21000000000004,19,192,131.60500000000002,105
12493,166,2,433.74,20,207,216.87,197
12494,16,7,1246.1000000000001,63,707,178.01428571428573,366
12497,82,1,1043.1,14,1236,1043.1,82
12498,21,3,403.70000000000005,21,159,134.5666666666667,58
12500,23,11,4257.82,34,2678,387.07454545454544,334
12501,337,1,2169.39,149,1783,2169.39,337
12502,96,5,3723.87,102,820,744.774,310
12504,18,2,482.04999999999995,6,90,241.02499999999998,30
12506,233,1,73.5,23,23,73.5,233
12507,134,3,1304.81,19,894,434.93666666666667,299
12508,26,2,398.27,57,272,199.135,29
12509,284,1,176.5,7,55,176.5,284
12510,143,2,982.5699999999999,29,353,491.28499999999997,325
12512,66,2,138.03,31,99,69.015,66
12513,113,1,612.29,35,462,612.29,113
12514,267,1,1017.68,51,440,1017.68,267
12515,353,1,383.7,16,131,383.7,353
12516,78,2,1312.06,20,875,656.03,181
12517,28,5,2502.84,232,1371,500.56800000000004,190
12518,1,5,2056.89,84,1318,411.378,110
12519,64,1,340.84,17,183,340.84,64
12520,79,5,2634.26,121,1439,526.8520000000001,274
12521,143,1,599.68,38,309,599.68,143
12522,39,2,192.72,11,194,96.36,51
12523,19,11,1789.77,84,865,162.70636363636365,332
12524,9,8,4485.72,113,3699,560.715,334
12526,1,3,1316.66,64,632,438.8866666666667,94
12527,82,3,348.71000000000004,18,234,116.23666666666668,326
12528,9,6,1933.48,50,756,322.24666666666667,313
12530,60,4,1662.28,51,913,415.57,337
12531,15,1,125.22,17,45,125.22,15
12532,30,1,349.83000000000004,16,153,349.83000000000004,30
12534,131,1,1089.18,63,651,1089.18,131
12535,92,2,716.35,28,219,358.175,187
12536,43,3,12601.830000000002,260,2803,4200.610000000001,59
12538,29,1,363.95,21,191,363.95,29
12539,22,4,5568.35,157,2067,1392.0875,334
12540,20,17,13400.24,277,6685,788.2494117647059,362
12541,30,3,981.18,46,680,327.06,281
12544,36,1,372.7,19,136,372.7,36
12545,75,2,1000.39,42,523,500.195,260
12546,47,2,1161.5,59,633,580.75,78
12547,198,2,207.79999999999998,7,134,103.89999999999999,281
12548,166,1,95.19999999999999,5,49,95.19999999999999,166
12550,79,1,964.83,57,569,964.83,79
12551,358,1,168.0,10,100,168.0,358
12552,39,2,437.82,20,88,218.91,40
12553,8,10,3692.28,95,1965,369.228,330
12556,50,2,603.71,100,358,301.855,151
12557,16,5,11990.960000000001,15,4384,2398.192,372
12558,8,1,269.96,11,196,269.96,8
12559,311,2,561.71,21,283,280.855,320
12560,5,3,2134.01,91,1110,711.3366666666667,143
12561,303,1,238.85,16,177,238.85,303
12562,8,7,3781.7400000000002,99,1779,540.2485714285715,199
12564,261,1,456.9,21,133,456.9,261
12565,289,1,145.92,9,80,145.92,289
12566,86,1,351.65,19,265,351.65,86
12567,23,10,9401.28,323,4305,940.128,370
12569,2,32,4124.69,92,1801,128.8965625,252
12571,40,2,519.61,31,523,259.805,122
12572,9,2,1020.42,53,452,510.21,52
12573,227,1,160.54000000000002,26,84,160.54000000000002,227
12574,316,1,218.45,11,61,218.45,316
12576,36,5,1315.83,72,967,263.166,305
12577,35,3,657.8,137,472,219.26666666666665,359
12578,21,2,2794.51,111,1196,1397.255,330
12579,78,1,440.42,29,285,440.42,78
12580,247,1,415.7,24,238,415.7,247
12581,40,1,197.71,15,161,197.71,40
12582,239,2,511.36,21,300,255.68,289
12583,3,15,7281.38,115,5060,485.42533333333336,374
12584,4,9,2338.15,44,416,259.7944444444445,280
12585,234,2,2040.1,77,1279,1020.05,351
12586,17,1,196.94000000000003,11,79,196.94000000000003,17
12587,8,1,144.0,4,51,144.0,8
12588,39,1,214.89999999999998,10,53,214.89999999999998,39
12589,29,2,646.68,29,306,323.34,145
12590,211,2,9864.26,68,4283,4932.13,211
12591,317,1,452.84999999999997,26,228,452.84999999999997,317
12592,92,2,437.6,11,290,218.8,213
12593,109,3,418.09999999999997,14,206,139.36666666666665,219
12594,38,10,3338.2200000000003,50,1777,333.822,323
12596,51,2,618.27,25,474,309.135,242
12597,19,4,3811.22,184,2236,952.805,268
12598,10,8,3023.08,84,1964,377.885,285
12599,29,7,1032.58,32,956,147.51142857142855,304
12600,29,10,2599.04,32,774,259.904,371
12601,190,5,577.0600000000001,21,245,115.412,333
12602,59,1,153.12,12,162,153.12,59
12603,22,1,739.1999999999999,2,63,739.1999999999999,22
12604,79,2,254.18,15,201,127.09,262
12607,60,1,1579.51,101,1228,1579.51,60
12609,78,3,1126.85,57,648,375.6166666666666,318
12610,23,5,2099.54,85,1049,419.908,126
12611,52,1,1193.32,65,846,1193.32,52
12612,74,1,704.0400000000001,19,262,704.0400000000001,74
12613,57,5,3344.38,124,1644,668.876,262
12614,278,1,315.6,20,76,315.6,278
12615,2,4,2291.19,82,1376,572.7975,168
12616,95,2,713.3,25,284,356.65,297
12617,29,1,355.53,39,213,355.53,29
12618,22,1,177.31,11,96,177.31,22
12619,16,9,3641.24,50,3378,404.5822222222222,253
12620,15,3,1339.41,89,1181,446.47,205
12621,2,20,13689.67,261,7440,684.4835,366
12622,232,1,180.1,11,69,180.1,232
12623,276,1,305.1,18,191,305.1,276
12624,106,2,641.13,36,355,320.565,178
12625,212,2,2683.82,73,1612,1341.91,319
12626,23,9,6620.48,232,3453,735.6088888888888,327
12627,11,7,4478.53,162,2752,639.79,140
12628,4,3,786.46,34,448,262.15333333333336,65
12630,10,2,1270.88,60,548,635.44,44
12631,57,1,640.5,31,236,640.5,57
12633,59,4,2163.98,73,1162,540.995,288
12635,90,2,1689.18,96,1172,844.59,155
12637,67,8,6021.9,205,3002,752.7375,324
12638,33,1,671.69,39,577,671.69,33
12639,239,1,486.1,22,201,486.1,239
12640,24,3,1174.58,47,311,391.52666666666664,82
12641,115,1,185.9,10,72,185.9,115
12642,25,3,1013.26,39,552,337.75333333333333,108
12643,128,6,3344.64,11,1808,557.4399999999999,333
12644,130,1,477.91,31,325,477.91,130
12645,34,4,1775.18,58,1084,443.795,316
12646,5,2,1346.97,43,897,673.485,49
12647,22,12,3722.82,78,1431,310.235,369
12648,155,1,318.05,21,160,318.05,155
12649,107,3,623.51,28,586,207.83666666666667,212
12650,3,1,314.44,20,254,314.44,3
12651,335,1,114.0,9,78,114.0,335
12652,331,1,919.98,48,505,919.98,331
12653,149,2,2209.85,37,919,1104.925,297
12654,11,5,601.98,31,264,120.396,295
12656,17,5,4051.17,89,1723,810.234,234
12657,11,4,1643.18,35,1044,410.795,79
12658,19,1,686.05,36,320,686.05,19
12659,30,1,91.68,5,105,91.68,30
12660,11,1,245.1,13,127,245.1,11
12662,1,11,3849.78,129,2058,349.98,373
12664,8,9,4881.88,10,1203,542.4311111111111,323
12665,325,1,63.0,3,37,63.0,325
12667,58,1,620.13,33,395,620.13,58
12668,12,4,3807.15,115,1634,951.7875,356
12669,151,3,2744.0299999999997,98,1115,914.6766666666666,257
12670,10,5,2996.05,58,1397,599.21,233
12672,330,1,225.89999999999998,10,78,225.89999999999998,330
12673,5,2,610.52,42,351,305.26,327
12674,39,4,1970.6,52,1133,492.65,208
12676,25,6,1331.39,33,670,221.89833333333334,311
12678,42,12,17628.46,105,10923,1469.0383333333332,354
12679,59,4,1113.02,43,554,278.255,284
12680,1,4,862.81,33,443,215.7025,113
12681,15,22,13787.54,267,7536,626.7063636363637,368
12682,4,31,12288.22,209,5575,396.3941935483871,371
12683,4,15,8476.57,177,4987,565.1046666666666,366
12684,8,7,2283.63,61,1985,326.23285714285714,213
12685,28,6,2863.08,117,1523,477.18,94
12686,372,1,89.14,7,107,89.14,372
12688,114,1,4873.8099999999995,171,3028,4873.8099999999995,114
12689,26,2,1247.61,57,628,623.805,128
12690,206,1,389.01,16,106,389.01,206
12691,28,6,1035.8,21,394,172.63333333333333,357
12693,127,4,855.91,35,255,213.9775,319
12694,70,2,869.67,32,509,434.835,183
12695,7,4,582.1,23,220,145.525,210
12697,29,3,957.59,37,508,319.19666666666666,169
12700,8,4,4939.99,193,2967,1234.9975,215
12701,80,2,797.71,50,678,398.855,242
12702,20,1,219.0,12,53,219.0,20
12703,71,1,283.55,21,164,283.55,71
12704,7,8,2340.84,64,1006,292.605,170
12705,15,9,6868.29,228,3997,763.1433333333333,357
12707,292,1,603.42,33,256,603.42,292
12708,30,10,2712.91,86,1307,271.291,369
12709,15,15,9736.52,93,3936,649.1013333333334,367
12710,97,3,1149.02,75,851,383.00666666666666,201
12712,29,13,4396.13,58,1062,338.1638461538462,371
12713,1,1,848.55,38,508,848.55,1
12714,9,5,4708.86,216,3069,941.7719999999999,295
12715,106,1,353.86,20,197,353.86,106
12716,4,2,1053.49,60,708,526.745,133
12717,151,2,1030.98,49,506,515.49,246
12718,71,1,238.25,19,203,238.25,71
12719,5,2,644.95,34,374,322.475,65
12720,3,25,5781.73,211,4672,231.26919999999998,369
12721,32,6,2656.13,133,1959,442.68833333333333,355
12722,85,4,997.63,50,566,249.4075,151
12723,4,5,725.07,53,434,145.014,65
12724,5,4,1031.41,47,445,257.8525,332
12725,371,1,427.8,24,164,427.8,371
12726,28,7,2609.1,57,3143,372.7285714285714,357
12727,11,7,3980.7,109,2098,568.6714285714286,320
12728,71,4,836.33,38,419,209.0825,332
12729,114,1,453.01,26,233,453.01,114
12731,24,12,18895.91,109,8437,1574.6591666666666,365
12732,180,1,236.26000000000002,12,111,236.26000000000002,180
12733,234,1,383.95,22,137,383.95,234
12734,353,1,110.39999999999999,4,88,110.39999999999999,353
12735,315,2,779.5699999999999,38,368,389.78499999999997,337
12736,333,1,234.0,4,173,234.0,333
12738,372,1,155.35,11,148,155.35,372
12739,78,2,1013.04,38,486,506.52,99
12740,64,1,427.6,27,342,427.6,64
12743,134,2,546.43,114,319,273.215,134
12744,52,7,21279.29,178,5241,3039.8985714285714,318
12747,2,11,4196.01,42,1275,381.4554545454546,369
12748,1,209,33719.73,1768,25747,161.3384210526316,374
12749,4,5,4090.88,160,1471,818.176,213
12750,129,1,275.88,15,137,275.88,129
12752,81,1,4366.78,53,2262,4366.78,81
12753,23,6,21429.39,132,11421,3571.565,363
12754,236,3,3010.74,49,6481,1003.5799999999999,309
12755,281,2,3811.95,4,1491,1905.975,366
12756,87,1,112.07999999999998,4,144,112.07999999999998,87
12757,16,13,7857.1,237,2402,604.3923076923077,211
12758,117,2,2791.59,84,2135,1395.795,277
12759,52,3,1531.44,81,902,510.48,276
12762,8,2,1898.52,62,1227,949.26,25
12763,138,2,494.08,16,316,247.04,369
12764,317,1,1693.88,45,386,1693.88,317
12766,4,7,6989.63,205,3646,998.5185714285715,366
12769,239,1,1143.6,32,356,1143.6,239
12770,211,1,1351.45,12,743,1351.45,211
12772,60,1,892.47,55,556,892.47,60
12775,17,5,1386.04,47,877,277.20799999999997,311
12778,20,6,822.23,40,825,137.03833333333333,312
12779,38,8,3981.36,88,2024,497.67,371
12781,64,2,826.74,25,671,413.37,285
12782,5,5,2330.92,81,1086,466.184,358
12783,2,6,2225.91,76,624,370.98499999999996,75
12784,9,2,574.42,54,300,287.21,15
12785,364,1,311.95,14,131,311.95,364
12787,10,3,463.66,17,261,154.55333333333334,193
12789,65,1,91.85,4,4,91.85,65
12790,192,1,324.92,21,166,324.92,192
12791,374,1,192.60000000000002,2,97,192.60000000000002,374
12792,257,1,400.53999999999996,25,217,400.53999999999996,257
12793,335,2,545.48,21,295,272.74,371
12794,53,2,860.41,43,592,430.205,99
12795,19,1,430.48,14,68,430.48,19
12797,366,1,254.03,13,118,254.03,366
12798,10,3,6977.04,6,5256,2325.68,171
12802,187,1,427.58,25,314,427.58,187
12808,37,3,483.65000000000003,27,188,161.21666666666667,369
12809,178,1,489.31,25,220,489.31,178
12811,261,3,514.85,27,230,171.61666666666667,284
12812,45,1,229.64000000000001,15,164,229.64000000000001,45
12814,102,1,125.92,2,49,125.92,102
12815,148,2,1063.46,38,379,531.73,198
12816,96,2,572.2,27,128,286.1,176
12817,281,1,166.04,4,53,166.04,281
12818,262,1,1542.08,14,929,1542.08,262
12820,3,4,942.34,55,722,235.585,327
12821,214,1,92.72,6,70,92.72,214
12822,71,2,948.88,41,550,474.44,87
12823,75,5,1759.5,1,230,351.9,297
12824,60,1,397.12,25,232,397.12,60
12826,3,7,1474.72,58,1058,210.67428571428573,365
12827,6,3,430.15000000000003,19,197,143.38333333333335,44
12828,3,6,1018.71,46,494,169.785,130
12829,337,2,293.0,9,376,146.5,360
12830,38,6,6814.64,13,9848,1135.7733333333333,172
12831,262,1,215.05,9,135,215.05,262
12832,32,2,383.03,27,195,191.515,98
12833,145,1,417.38,24,156,417.38,145
12834,283,1,312.38,18,110,312.38,283
12836,59,4,2612.86,148,1064,653.215,312
12837,173,1,134.1,12,24,134.1,173
12838,34,2,683.13,115,359,341.565,374
12839,3,14,5591.42,95,3807,399.38714285714286,367
12840,144,4,2726.77,67,1511,681.6925,227
12841,5,25,4022.35,229,2757,160.894,372
12842,70,2,1118.99,34,547,559.495,309
12843,66,8,1702.26,69,781,212.7825,264
12844,29,2,325.96000000000004,47,125,162.98000000000002,130
12845,267,4,354.09,26,204,88.5225,290
12847,22,1,871.54,72,909,871.54,22
12849,31,2,1050.8899999999999,47,623,525.4449999999999,269
12851,97,1,135.18,43,109,135.18,97
12852,295,1,311.55,17,149,311.55,295
12853,135,6,1957.1000000000001,66,800,326.18333333333334,316
12854,79,3,1324.5,95,627,441.5,318
12855,373,1,38.1,3,30,38.1,373
12856,8,6,2179.93,155,1079,363.32166666666666,64
12857,211,2,1106.4,37,343,553.2,303
12863,52,1,521.2,5,188,521.2,52
12864,138,1,147.12,3,216,147.12,138
12865,26,2,1568.23,86,925,784.115,124
12866,283,1,559.12,26,171,559.12,283
12867,26,7,4036.82,240,4298,576.6885714285714,360
12868,186,6,1607.0600000000002,72,928,267.84333333333336,374
12871,84,2,380.64,8,200,190.32,207
12872,327,2,599.97,58,319,299.985,365
12873,282,1,374.0,4,128,374.0,282
12875,143,2,343.2300000000001,1,2019,171.61500000000004,363
12876,58,2,2218.02,67,1941,1109.01,196
12877,4,12,1535.77,100,1178,127.98083333333334,359
12878,236,2,854.99,38,547,427.495,266
12879,45,3,573.22,7,370,191.07333333333335,92
12881,276,1,298.0,7,21,298.0,276
12882,9,2,1463.04,12,246,731.52,34
12883,25,4,703.47,39,196,175.8675,89
12884,88,1,309.05,7,43,309.05,88
12885,63,3,1175.22,66,655,391.74,124
12886,68,2,1378.4,75,770,689.2,220
12888,214,2,354.12,4,76,177.06,255
12890,24,1,380.46999999999997,78,259,380.46999999999997,24
12891,186,3,331.0,2,950,110.33333333333333,293
12893,31,1,188.14,27,96,188.14,31
12895,42,2,372.8,22,210,186.4,87
12897,205,2,216.5,3,110,108.25,302
12901,9,28,17654.54,30,23075,630.5192857142857,271
12902,265,1,138.68,10,66,138.68,265
12904,18,2,509.58,59,302,254.79,172
12906,12,5,2919.81,55,1749,583.962,78
12908,176,2,750.0,1,1200,375.0,313
12909,40,5,2178.67,78,1280,435.73400000000004,253
12910,23,8,3075.04,48,1692,384.38,242
12912,3,5,1662.3,17,670,332.46,41
12913,5,5,2483.63,37,1419,496.726,368
12915,149,2,363.65,19,93,181.825,373
12916,139,4,3006.15,53,1119,751.5375,321
12917,128,1,594.0,2,120,594.0,128
12919,8,6,1335.19,34,673,222.53166666666667,170
12920,17,1,164.23,27,129,164.23,17
12921,9,37,16587.09,233,9526,448.29972972972973,373
12922,161,1,405.38,28,370,405.38,161
12923,64,1,176.97,28,69,176.97,64
12924,88,4,933.7,22,481,233.425,328
12925,5,2,694.05,42,541,347.025,75
12928,35,5,2062.7000000000003,59,1472,412.5400000000001,359
12929,312,1,117.85,8,37,117.85,312
12930,78,2,415.8,20,252,207.9,171
12931,22,15,42055.96,28,28004,2803.730666666667,358
12933,24,3,607.53,102,499,202.51,284
12935,2,7,2160.7,80,1853,308.6714285714285,319
12936,17,4,1063.9,56,559,265.975,78
12937,15,4,1504.27,81,1007,376.0675,267
12938,26,1,114.14,9,140,114.14,26
12939,64,8,11581.8,21,4876,1447.725,335
12940,55,2,913.54,87,411,456.77,88
12942,131,3,683.9,68,203,227.96666666666667,366
12944,36,2,604.51,29,289,302.255,355
12945,288,1,462.95,23,165,462.95,288
12947,144,6,1603.99,83,1165,267.33166666666665,373
12948,16,7,2064.95,82,1080,294.99285714285713,265
12949,31,8,4167.22,166,2381,520.9025,252
12950,2,3,1843.0,13,1380,614.3333333333334,24
12951,9,6,1064.07,53,503,177.345,331
12952,6,4,1387.79,64,653,346.9475,78
12953,10,1,329.85,17,84,329.85,10
12955,1,11,4757.16,81,3664,432.4690909090909,268
12956,306,1,108.07,19,34,108.07,306
12957,10,8,4017.54,208,2549,502.1925,340
12962,7,2,266.39,15,129,133.195,113
12963,8,8,1856.63,75,881,232.07875,366
12965,89,1,771.91,108,283,771.91,89
12966,10,1,160.18,10,75,160.18,10
12967,358,2,1660.9,19,438,830.45,372
12968,112,1,135.95,5,73,135.95,112
12970,7,4,452.24,116,310,113.06,322
12971,4,86,11189.91,94,9289,130.11523255813952,372
12974,198,1,144.8,8,24,144.8,198
12976,212,1,738.6,22,561,738.6,212
12977,156,1,39.239999999999995,9,12,39.239999999999995,156
12980,158,9,7374.900000000001,6,886,819.4333333333334,359
12981,30,2,372.21999999999997,12,242,186.10999999999999,133
12982,243,1,390.54,28,288,390.54,243
12984,19,1,97.5,4,26,97.5,19
12985,1,2,1239.38,73,1533,619.69,29
12987,74,2,558.7,27,219,279.35,198
12988,292,1,535.32,75,136,535.32,292
12989,3,15,6924.110000000001,41,2943,461.6073333333334,364
12990,31,3,409.5,8,200,136.5,310
12991,23,2,503.76,31,405,251.88,112
12993,23,4,414.76,26,240,103.69,298
12994,4,3,974.4200000000001,52,459,324.8066666666667,269
12995,85,1,211.32,3,108,211.32,85
12997,22,4,1226.89,45,664,306.7225,317
12999,196,3,455.88,25,342,151.96,246
13000,107,3,534.85,30,379,178.28333333333333,365
13001,4,13,9818.82,166,5505,755.2938461538462,327
13002,318,1,120.94999999999999,7,73,120.94999999999999,318
13003,106,3,149.05,4,103,49.68333333333334,215
13004,12,18,5655.91,277,4822,314.21722222222223,358
13005,174,2,513.7,21,172,256.85,246
13006,56,1,81.57,4,55,81.57,56
13008,323,1,229.46999999999997,14,175,229.46999999999997,323
13011,372,1,50.550000000000004,3,13,50.550000000000004,372
13012,9,8,1661.8400000000001,67,824,207.73000000000002,295
13013,1,13,4810.9400000000005,155,2224,370.07230769230773,372
13014,11,10,3466.2799999999997,67,905,346.628,281
13015,53,5,3346.28,156,1617,669.2560000000001,249
13016,73,3,789.89,39,527,263.2966666666667,123
13017,7,1,204.0,1,48,204.0,7
13018,16,28,7277.7,313,5435,259.91785714285714,296
13021,4,9,2616.38,101,1352,290.7088888888889,359
13023,64,2,689.9,36,286,344.95,130
13026,1,5,975.36,32,1620,195.072,276
13027,114,6,6912.0,6,17280,1152.0,355
13028,23,2,661.3199999999999,40,798,330.65999999999997,45
13029,31,3,1247.5,8,134,415.8333333333333,353
13030,11,2,799.48,76,394,399.74,368
13032,52,2,1010.18,55,375,505.09,87
13033,357,1,190.55,11,83,190.55,357
13034,55,2,642.77,37,369,321.385,369
13035,74,2,921.88,23,644,460.94,261
13037,138,3,881.07,44,431,293.69,256
13038,80,3,908.46,24,360,302.82,291
13040,9,2,676.99,38,355,338.495,33
13043,273,1,516.42,13,254,516.42,273
13044,291,1,560.47,33,429,560.47,291
13045,99,1,305.28000000000003,18,221,305.28000000000003,99
13046,31,2,629.31,33,264,314.655,266
13047,32,10,3237.54,106,1391,323.754,374
13048,14,4,1835.91,77,1238,458.9775,327
13049,64,2,656.6800000000001,14,268,328.34000000000003,318
13050,15,17,5836.86,246,3748,343.3447058823529,367
13052,212,1,348.15000000000003,18,222,348.15000000000003,212
13055,78,3,1214.41,74,894,404.80333333333334,214
13058,25,3,271.40000000000003,5,52,90.46666666666668,152
13059,250,1,183.4,8,35,183.4,250
13060,254,1,307.53,15,123,307.53,254
13061,72,1,248.61,10,107,248.61,72
13062,191,1,346.98,11,343,346.98,191
13064,13,4,1119.49,51,516,279.8725,327
13065,373,1,205.86,14,74,205.86,373
13066,24,2,470.8,48,322,235.4,32
13067,82,1,115.46000000000001,14,32,115.46000000000001,82
13068,10,2,344.0,1,200,172.0,320
13069,1,24,4436.12,281,5885,184.83833333333334,370
13070,192,1,228.8,9,110,228.8,192
13072,267,1,177.15,7,69,177.15,267
13075,130,1,919.61,22,485,919.61,130
13077,1,4,729.27,99,863,182.3175,366
13078,3,26,12627.94,95,5630,485.69,367
13079,4,5,220.10000000000002,2,62,44.02,140
13080,179,1,58.08,6,120,58.08,179
13081,12,11,28337.38,503,19068,2576.1254545454544,371
13082,126,9,3613.63,63,4324,401.51444444444445,338
13083,4,2,303.75,15,187,151.875,76
13085,158,2,416.08000000000004,17,216,208.04000000000002,295
13089,3,97,58825.83,636,31070,606.4518556701031,370
13090,9,14,8910.82,98,2263,636.4871428571429,373
13091,28,1,345.82,21,466,345.82,28
13092,71,5,477.83,19,279,95.566,360
13093,276,8,7832.47,97,3961,979.05875,373
13094,21,12,1927.3200000000002,4,1716,160.61,369
13095,71,1,74.39999999999999,6,144,74.39999999999999,71
13097,33,10,6010.42,214,2363,601.042,360
13098,1,28,28882.44,156,15968,1031.5157142857142,317
13099,99,1,207.35999999999999,1,288,207.35999999999999,99
13101,234,1,101.19,8,113,101.19,234
13102,1,24,6424.09,140,4204,267.67041666666665,365
13103,40,1,243.94,8,82,243.94,40
13104,3,6,1098.48,14,504,183.08,355
13106,133,1,76.5,1,18,76.5,133
13107,44,4,1531.6200000000001,54,1293,382.90500000000003,334
13108,373,1,350.06,10,298,350.06,373
13109,60,2,786.54,41,520,393.27,157
13110,31,7,1488.67,109,388,212.66714285714286,311
13113,1,24,12245.960000000001,95,3045,510.2483333333334,366
13115,12,4,2294.78,88,1567,573.695,184
13116,138,1,501.14,30,291,501.14,138
13117,22,8,984.91,66,945,123.11375,372
13118,20,5,1197.81,68,410,239.56199999999998,289
13120,239,1,30.599999999999998,1,12,30.599999999999998,239
13121,269,1,283.73,50,252,283.73,269
13122,94,2,922.39,54,585,461.195,240
13124,90,3,3866.33,185,2147,1288.7766666666666,359
13126,5,8,2099.64,124,2143,262.455,367
13127,78,1,259.17,15,127,259.17,78
13130,94,1,64.0,2,32,64.0,94
13131,23,3,1073.3,30,447,357.76666666666665,188
13132,262,1,77.3,3,20,77.3,262
13133,274,2,109.8,7,32,54.9,304
13134,86,4,1793.58,94,1059,448.395,240
13135,197,1,3096.0,1,4300,3096.0,197
13136,56,5,2607.61,94,1328,521.522,213
13137,11,8,3650.41,345,2226,456.30125,309
13138,22,6,962.39,31,473,160.39833333333334,372
13139,16,7,5064.94,132,2425,723.5628571428571,260
13140,108,3,423.72,40,186,141.24,366
13141,85,5,2388.75,113,1548,477.75,315
13142,19,1,307.09,23,258,307.09,19
13144,333,1,110.95,3,21,110.95,333
13145,40,4,618.52,5,145,154.63,372
13146,26,1,228.91,16,154,228.91,26
13147,10,4,712.8000000000001,1,144,178.20000000000002,100
13148,29,12,3707.12,231,1975,308.9266666666667,364
13149,14,4,1676.06,76,1280,419.015,289
13151,296,1,1257.8700000000001,73,363,1257.8700000000001,296
13153,6,1,486.22,15,418,486.22,6
13155,33,4,971.76,67,497,242.94,369
13157,49,4,1741.22,69,1439,435.305,298
13158,95,4,1201.06,59,784,300.265,319
13159,9,4,1437.85,114,1059,359.4625,116
13160,22,1,91.8,4,56,91.8,22
13161,313,1,112.75,8,29,112.75,313
13162,122,4,1688.29,74,1713,422.0725,335
13165,46,2,1021.48,40,1376,510.74,351
13166,283,1,417.2,39,216,417.2,283
13167,19,4,791.33,51,785,197.8325,144
13168,36,4,1319.19,102,682,329.7975,318
13169,64,2,712.88,11,272,356.44,252
13170,27,1,116.00999999999999,29,147,116.00999999999999,27
13171,22,3,468.41,37,229,156.13666666666668,299
13173,4,2,353.65,41,277,176.825,367
13174,16,3,2817.03,228,1395,939.0100000000001,369
13176,46,1,492.84,66,453,492.84,46
13177,65,1,282.45,17,91,282.45,65
13178,26,11,5725.47,95,3570,520.4972727272727,361
13182,45,1,121.18,11,201,121.18,45
13183,8,9,3957.78,51,2208,439.75333333333333,335
13184,15,10,1701.29,138,1692,170.129,290
13185,268,1,71.4,1,12,71.4,268
13186,40,3,1575.89,69,820,525.2966666666667,129
13187,337,1,236.02,37,95,236.02,337
13188,11,1,114.60000000000001,2,25,114.60000000000001,11
13189,19,2,260.68,29,842,130.34,115
13192,95,2,911.94,57,595,455.97,205
13193,61,1,117.88,22,50,117.88,61
13194,136,1,60.7,3,26,60.7,136
13196,11,4,1797.78,97,1224,449.445,262
13198,10,6,3401.2400000000002,199,2648,566.8733333333333,362
13199,4,38,9817.12,48,6176,258.34526315789475,367
13200,19,4,870.09,42,516,217.5225,126
13203,10,4,869.46,56,800,217.365,242
13207,15,2,250.26000000000002,7,130,125.13000000000001,151
13208,59,6,1223.9,124,804,203.98333333333335,309
13209,30,8,5891.61,255,4253,736.45125,362
13210,94,1,353.48,22,316,353.48,94
13211,10,3,1197.42,45,874,399.14000000000004,361
13212,20,3,788.08,128,310,262.6933333333333,61
13213,57,5,1520.58,82,1360,304.116,200
13216,268,1,333.74,5,297,333.74,268
13217,122,3,533.98,3,262,177.99333333333334,157
13218,127,1,62.63999999999999,5,88,62.63999999999999,127
13220,78,4,819.2900000000001,18,196,204.82250000000002,237
13221,240,2,847.41,62,244,423.705,359
13223,200,2,163.20000000000002,5,88,81.60000000000001,232
13224,60,2,2155.95,101,1518,1077.975,151
13225,3,7,6463.84,23,3416,923.4057142857143,362
13226,273,1,108.21000000000001,16,80,108.21000000000001,273
13227,202,1,257.7,9,99,257.7,202
13228,81,1,358.0,2,200,358.0,81
13229,226,1,160.95,10,63,160.95,226
13230,4,14,2806.97,393,1665,200.49785714285713,365
13232,13,7,1357.6,147,778,193.94285714285712,243
13233,74,2,605.12,43,1004,302.56,336
13235,212,1,1031.07,53,441,1031.07,212
13236,25,2,744.85,34,416,372.425,107
13238,17,4,700.73,20,298,175.1825,360
13239,262,1,329.56,21,327,329.56,262
13240,96,4,663.65,59,298,165.9125,366
13242,112,3,270.40000000000003,12,130,90.13333333333334,214
13243,203,1,600.07,56,233,600.07,203
13244,93,1,121.74000000000001,27,38,121.74000000000001,93
13245,51,1,430.5,16,125,430.5,51
13246,18,6,1987.3,110,1602,331.21666666666664,330
13247,18,4,501.12,18,328,125.28,83
13248,125,2,465.68,25,305,232.84,189
13249,92,3,711.41,21,546,237.13666666666666,261
13253,157,2,1030.4,35,1572,515.2,339
13255,9,2,399.51,13,177,199.755,374
13258,12,3,698.58,28,287,232.86,205
13259,62,1,292.32,77,132,292.32,62
13260,61,1,557.62,8,142,557.62,61
13261,269,2,944.1,8,210,472.05,286
13262,263,1,200.29,11,125,200.29,263
13263,1,35,7454.07,450,4780,212.97342857142857,325
13265,53,5,2107.66,66,1752,421.532,274
13266,11,12,3834.2599999999998,82,4428,319.52166666666665,257
13267,3,19,4521.49,88,1969,237.97315789473683,367
13268,18,11,3214.69,257,3658,292.24454545454546,267
13269,1,15,5346.2300000000005,177,3514,356.41533333333336,370
13270,366,1,590.0,1,200,590.0,366
13271,37,1,217.38,79,253,217.38,37
13272,31,2,276.56,15,96,138.28,90
13273,113,1,138.98,16,153,138.98,113
13276,64,2,590.9300000000001,30,161,295.46500000000003,100
13277,16,4,258.4,5,176,64.6,134
13278,41,1,542.73,46,537,542.73,41
13279,78,1,137.75,9,73,137.75,78
13280,122,3,814.86,67,522,271.62,337
13282,18,3,1132.14,29,307,377.38000000000005,221
13283,60,2,93.66,7,90,46.83,186
13284,331,1,201.19,13,91,201.19,331
13285,23,4,2709.12,157,2051,677.28,290
13291,156,1,361.11,41,233,361.11,156
13292,39,2,578.9399999999999,29,347,289.46999999999997,284
13294,190,2,873.74,48,453,436.87,250
13295,360,1,201.20000000000002,10,82,201.20000000000002,360
13296,137,1,87.4,5,78,87.4,137
13297,8,4,2089.85,52,963,522.4625,67
13298,1,1,360.0,2,96,360.0,1
13299,268,1,142.5,5,30,142.5,268
13300,169,1,371.89,20,203,371.89,169
13301,104,4,618.09,75,345,154.5225,292
13302,155,1,63.75,1,5,63.75,155
13304,351,1,300.42,21,238,300.42,351
13305,4,10,2000.86,50,1232,200.08599999999998,373
13307,120,1,15.0,1,4,15.0,120
13308,23,3,1385.51,49,843,461.83666666666664,203
13309,7,5,1456.79,82,1544,291.358,309
13310,28,3,1132.03,65,587,377.3433333333333,324
13311,4,2,598.57,25,305,299.285,150
13313,22,5,1555.32,47,851,311.06399999999996,340
13314,2,3,775.94,55,560,258.6466666666667,74
13316,37,4,5977.7300000000005,66,6948,1494.4325000000001,254
13317,66,6,2273.68,100,1035,378.94666666666666,359
13318,1,3,640.76,14,304,213.58666666666667,37
13319,5,26,10845.550000000001,209,4724,417.1365384615385,366
13320,78,4,1548.7,77,1096,387.175,214
13321,72,2,567.36,10,372,283.68,86
13322,17,1,199.48000000000002,25,117,199.48000000000002,17
13323,3,5,787.85,6,175,157.57,84
13324,36,10,7121.95,25,5205,712.1949999999999,361
13325,82,1,675.3,12,240,675.3,82
13327,39,8,3627.77,74,1600,453.47125,365
13328,316,1,1308.48,17,680,1308.48,316
13329,32,2,789.0,16,463,394.5,367
13330,93,3,1140.93,37,751,380.31,316
13332,14,1,350.9,21,179,350.9,14
13334,82,3,3536.82,207,1774,1178.94,306
13336,77,1,795.12,51,559,795.12,77
13338,158,1,487.02,19,256,487.02,158
13339,201,1,860.12,54,326,860.12,201
13340,45,7,10736.48,128,5770,1533.782857142857,277
13341,261,1,775.85,42,301,775.85,261
13343,178,1,353.43,19,135,353.43,178
13344,68,3,2543.72,115,971,847.9066666666666,278
13345,288,1,389.5,20,141,389.5,288
13347,70,1,341.36,8,205,341.36,70
13348,64,1,233.76,14,136,233.76,64
13349,11,1,247.32,16,225,247.32,11
13350,16,2,979.12,36,287,489.56,79
13351,66,1,373.94,16,117,373.94,66
13352,60,1,397.97999999999996,24,321,397.97999999999996,60
13354,71,1,743.53,51,604,743.53,71
13355,122,1,674.7,32,314,674.7,122
13356,80,1,768.24,42,325,768.24,80
13357,257,1,609.95,85,322,609.95,257
13358,269,1,439.03,29,285,439.03,269
13359,64,1,439.56,23,161,439.56,64
13362,9,4,3090.7400000000002,128,1382,772.6850000000001,288
13363,18,2,992.5,47,710,496.25,44
13364,71,1,134.95999999999998,10,71,134.95999999999998,71
13365,34,2,2225.37,122,1247,1112.685,218
13366,50,1,56.160000000000004,1,144,56.160000000000004,50
13368,257,2,623.4,29,327,311.7,338
13369,366,1,308.28000000000003,14,149,308.28000000000003,366
13370,372,1,754.87,39,343,754.87,372
13372,90,1,378.64,23,159,378.64,90
13373,61,3,3312.25,135,1651,1104.0833333333333,276
13375,89,1,778.65,37,442,778.65,89
13376,99,3,1019.76,45,493,339.92,234
13379,26,3,572.56,85,601,190.85333333333332,137
13381,32,6,3639.31,77,2029,606.5516666666666,299
13382,281,1,222.99,15,131,222.99,281
13384,31,7,4151.93,123,2422,593.1328571428572,179
13385,330,1,534.57,35,281,534.57,330
13388,131,2,677.1,35,282,338.55,131
13389,11,3,797.96,50,429,265.9866666666667,233
13390,75,1,544.08,13,224,544.08,75
13391,204,1,59.8,1,4,59.8,204
13394,2,8,2520.02,124,2392,315.0025,310
13395,185,1,307.72,21,336,307.72,185
13396,29,2,1360.99,42,600,680.495,319
13397,73,5,1544.13,28,430,308.826,339
13398,192,1,457.34,26,281,457.34,192
13402,127,2,621.23,32,479,310.615,372
13403,18,1,75.0,3,44,75.0,18
13404,1,2,252.49,11,111,126.245,213
13405,74,3,572.451,25,165,190.817,318
13408,2,62,28117.04,234,16232,453.5006451612903,374
13410,24,5,1003.06,15,518,200.612,291
13411,107,1,213.55,17,72,213.55,107
13414,134,3,1390.5,23,1574,463.5,297
13416,44,2,712.5,11,142,356.25,81
13417,5,2,640.83,26,162,320.415,205
13418,12,18,6127.43,223,3918,340.4127777777778,373
13419,64,1,221.06,16,275,221.06,64
13420,150,2,159.85,8,101,79.925,171
13421,40,2,1851.08,88,1181,925.54,290
13422,64,1,2626.3,127,1326,2626.3,64
13425,108,3,1624.21,66,1123,541.4033333333333,295
13426,1,10,3641.32,103,2245,364.132,360
13427,19,3,582.6,25,545,194.20000000000002,215
13428,10,1,218.47,70,156,218.47,10
13429,11,4,1006.8,55,1390,251.7,75
13430,19,2,679.45,48,751,339.725,86
13431,67,2,1269.1,44,672,634.55,89
13434,74,2,534.24,9,300,267.12,97
13435,5,7,3809.8900000000003,68,2129,544.2700000000001,189
13436,2,1,196.89,12,76,196.89,2
13437,14,7,3408.06,143,1283,486.86571428571426,190
13439,255,1,283.71,54,242,283.71,255
13441,92,1,296.64,13,204,296.64,92
13447,23,3,1129.14,55,584,376.38000000000005,36
13448,17,6,3539.37,137,1660,589.895,374
13449,24,1,291.88,19,222,291.88,24
13450,27,6,2043.7199999999998,32,1982,340.61999999999995,218
13451,26,5,2976.15,315,2149,595.23,334
13452,259,2,590.0,1,2,295.0,271
13453,166,2,356.97999999999996,16,134,178.48999999999998,290
13455,25,2,1058.34,42,354,529.17,366
13456,18,6,1766.72,43,765,294.4533333333333,207
13458,7,14,9646.57,242,5508,689.0407142857142,360
13460,29,2,183.44,16,286,91.72,50
13461,39,3,1445.0,14,1170,481.6666666666667,164
13462,253,1,151.5,9,62,151.5,253
13464,58,1,674.68,41,403,674.68,58
13466,184,1,307.9,17,259,307.9,184
13467,11,2,1083.71,89,584,541.855,36
13468,2,37,5704.97,184,2589,154.1883783783784,373
13470,99,2,165.0,7,100,82.5,115
13471,1,4,2531.58,214,1590,632.895,47
13473,61,2,422.64,21,266,211.32,333
13474,236,1,229.59,59,132,229.59,236
13475,191,4,1431.78,64,1012,357.945,299
13476,179,2,1238.47,56,417,619.235,281
13477,38,6,1454.58,57,1021,242.42999999999998,292
13479,201,2,300.95,14,134,150.475,235
13481,46,5,1804.56,98,1142,360.912,257
13482,232,1,184.64,11,116,184.64,232
13483,66,1,140.34,10,160,140.34,66
13484,241,1,313.8,8,44,313.8,241
13485,233,1,454.24,23,277,454.24,233
13486,78,3,1122.41,69,669,374.1366666666667,155
13487,58,3,575.4,26,265,191.79999999999998,353
13488,17,13,8968.31,271,4518,689.87,367
13489,105,4,449.52,11,560,112.38,295
13491,52,10,1215.82,73,903,121.582,372
13492,136,3,1269.84,38,408,423.28,215
13493,275,2,618.63,6,380,309.315,287
13494,312,1,316.26000000000005,18,162,316.26000000000005,312
13495,8,5,2044.8700000000001,34,829,408.97400000000005,368
13496,11,2,653.33,28,341,326.665,360
13497,283,2,348.05,19,163,174.025,369
13499,18,5,1159.11,31,1365,231.82199999999997,270
13500,23,3,1166.77,60,609,388.92333333333335,123
13501,288,1,1340.32,52,560,1340.32,288
13502,17,3,292.0,17,264,97.33333333333333,324
13503,71,1,216.85,17,248,216.85,71
13504,64,1,295.93,22,178,295.93,64
13505,73,4,4393.63,182,2486,1098.4075,233
13506,316,2,458.52,26,324,229.26,370
13507,3,4,2479.16,146,1597,619.79,146
13508,244,1,110.97,12,24,110.97,244
13509,9,7,979.72,27,1106,139.96,284
13510,1,4,1791.56,86,1386,447.89,184
13512,261,1,251.21,15,143,251.21,261
13513,127,1,205.1,10,109,205.1,127
13514,74,1,152.20000000000002,4,40,152.20000000000002,74
13515,73,4,891.12,50,681,222.78,248
13516,21,3,1389.41,43,985,463.1366666666667,239
13517,60,3,2128.42,125,1369,709.4733333333334,180
13518,86,1,659.4399999999999,36,392,659.4399999999999,86
13519,78,1,122.75,8,23,122.75,78
13520,59,6,3624.35,49,1649,604.0583333333333,372
13521,1,3,1093.65,313,736,364.55,10
13522,30,1,125.80000000000001,5,44,125.80000000000001,30
13523,33,5,3964.88,157,1752,792.976,366
13524,41,5,680.1800000000001,17,324,136.036,220
13525,15,2,628.78,5,394,314.39,248
13527,34,7,2287.51,153,1692,326.7871428571429,327
13529,79,2,307.76,15,74,153.88,205
13531,205,2,483.8,17,174,241.9,366
13532,34,1,210.31,66,129,210.31,34
13533,183,3,270.79,61,204,90.26333333333334,268
13534,2,25,5870.08,119,2961,234.8032,358
13536,1,7,3448.29,91,2136,492.61285714285714,75
13538,43,7,1280.85,10,175,182.97857142857143,316
13539,86,3,631.34,35,320,210.4466666666667,309
13544,40,2,291.41,76,127,145.705,241
13546,12,3,626.99,72,359,208.99666666666667,201
13548,96,2,682.41,114,441,341.205,244
13549,26,7,918.2,37,458,131.17142857142858,242
13551,319,1,91.80000000000001,4,12,91.80000000000001,319
13552,66,12,3740.07,82,1417,311.6725,316
13555,74,4,4149.28,128,2660,1037.32,202
13557,28,2,584.06,31,546,292.03,281
13558,6,4,605.06,123,344,151.265,68
13560,7,1,174.37,32,64,174.37,7
13561,216,1,141.85999999999999,14,83,141.85999999999999,216
13562,82,3,1799.33,50,757,599.7766666666666,246
13563,84,2,777.53,49,209,388.765,140
13564,144,3,1749.02,68,661,583.0066666666667,368
13565,19,2,240.22,35,172,120.11,334
13566,41,2,874.71,134,575,437.355,83
13568,173,1,192.85,41,70,192.85,173
13569,17,2,373.75,73,164,186.875,368
13570,243,1,239.49,27,161,239.49,243
13571,13,12,2092.32,157,1759,174.36,254
13572,206,1,1384.25,32,534,1384.25,206
13573,50,2,294.4,24,303,147.2,253
13575,23,5,732.0699999999999,41,449,146.414,176
13576,10,18,6717.34,78,2646,373.18555555555554,373
13577,25,4,1687.6000000000001,61,791,421.90000000000003,242
13579,15,2,467.04,19,176,233.52,369
13581,309,1,118.0,10,30,118.0,309
13583,156,1,781.03,53,725,781.03,156
13584,307,1,142.4,24,37,142.4,307
13587,64,1,712.4,8,180,712.4,64
13588,16,9,2478.95,131,2606,275.43888888888887,255
13589,15,2,379.65,21,114,189.825,180
13590,11,6,1981.92,70,1848,330.32,303
13591,65,3,1117.13,56,485,372.3766666666667,267
13592,36,4,247.95999999999998,15,84,61.989999999999995,264
13593,108,5,2037.0800000000002,77,731,407.41600000000005,336
13594,53,1,396.97,26,359,396.97,53
13596,6,2,697.04,133,406,348.52,13
13598,47,1,180.17000000000002,33,58,180.17000000000002,47
13599,1,21,5153.67,171,3294,245.41285714285715,367
13600,312,1,219.52,19,324,219.52,312
13601,45,2,693.32,90,548,346.66,211
13602,65,1,428.89,23,267,428.89,65
13603,26,1,164.34,27,164,164.34,26
13606,29,3,280.53999999999996,40,279,93.51333333333332,312
13607,40,1,678.01,93,290,678.01,40
13610,12,7,1131.88,165,516,161.69714285714286,285
13611,89,3,1171.8,67,766,390.59999999999997,360
13614,24,4,1610.46,171,570,402.615,331
13615,319,1,417.69,23,189,417.69,319
13617,40,3,544.18,31,300,181.39333333333332,180
13618,174,1,177.34,13,246,177.34,174
13621,117,1,213.85,19,343,213.85,117
13623,31,5,747.78,75,294,149.55599999999998,297
13626,253,1,257.23,19,209,257.23,253
13627,59,5,1638.47,84,1269,327.694,358
13629,23,11,7792.36,28,4372,708.3963636363636,339
13630,5,7,2031.78,51,1391,290.2542857142857,286
13631,100,11,3070.42,6,467,279.1290909090909,267
13632,25,5,2121.27,121,1037,424.254,243
13634,33,5,1575.16,156,704,315.03200000000004,327
13635,68,1,1071.03,62,677,1071.03,68
13636,37,5,949.12,57,592,189.824,285
13637,52,3,810.5,79,409,270.1666666666667,226
13638,16,1,122.64,8,93,122.64,16
13639,74,1,1033.34,39,800,1033.34,74
13642,216,1,354.8,57,173,354.8,216
13643,31,3,519.44,24,273,173.14666666666668,186
13644,16,4,2624.26,144,2067,656.065,106
13645,120,1,252.1,5,158,252.1,120
13647,10,4,1678.1200000000001,65,895,419.53000000000003,235
13649,257,2,346.6,23,139,173.3,366
13650,17,6,1836.34,79,922,306.0566666666667,268
13651,35,2,94.2,6,33,47.1,40
13652,46,3,1095.08,48,578,365.02666666666664,369
13654,43,6,2707.33,157,2182,451.22166666666664,273
13655,114,2,932.97,52,605,466.485,242
13656,165,2,379.65,49,490,189.825,337
13657,11,2,382.14,16,209,191.07,202
13658,10,5,2639.17,91,1019,527.8340000000001,204
13659,206,2,1573.2,92,894,786.6,321
13662,86,3,897.76,50,543,299.25333333333333,259
13663,179,1,189.47,13,91,189.47,179
13666,60,3,84.65,12,41,28.21666666666667,287
13667,149,1,305.02,82,154,305.02,149
13668,3,21,6363.59,284,3742,303.02809523809526,363
13669,51,2,218.55,9,237,109.275,150
13670,75,1,349.7,25,282,349.7,75
13672,301,2,186.39000000000001,4,57,93.19500000000001,332
13673,19,2,396.92,47,119,198.46,32
13675,151,2,486.82000000000005,25,330,243.41000000000003,285
13678,152,1,232.6,16,924,232.6,152
13680,1,4,3722.42,164,1936,930.605,339
13681,18,4,827.83,37,360,206.9575,155
13682,187,1,59.5,3,10,59.5,187
13684,286,1,67.23,29,39,67.23,286
13685,3,7,3119.44,29,5056,445.63428571428574,60
13686,183,1,72.0,8,70,72.0,183
13689,63,1,910.0,6,512,910.0,63
13690,59,1,172.25,9,67,172.25,59
13692,25,3,1488.32,48,1226,496.1066666666666,236
13694,4,50,65039.62,366,63312,1300.7924,374
13695,31,15,2504.13,46,1603,166.942,260
13697,39,1,151.29999999999998,12,177,151.29999999999998,39
13699,155,1,308.58000000000004,14,66,308.58000000000004,155
13700,26,10,2265.12,139,2304,226.512,327
13703,318,1,99.5,1,10,99.5,318
13704,5,9,2308.06,111,1531,256.4511111111111,88
13705,8,3,711.86,25,363,237.28666666666666,374
13706,303,1,330.79,20,189,330.79,303
13707,267,2,806.41,48,351,403.205,315
13708,271,1,296.88,49,306,296.88,271
13709,4,13,6328.05,244,3516,486.7730769230769,315
13710,32,1,180.48,8,176,180.48,32
13711,219,2,252.06,11,140,126.03,219
13712,247,1,228.84,10,352,228.84,247
13715,281,5,1079.34,89,563,215.868,373
13716,269,1,138.28,21,138,138.28,269
13717,32,6,1445.01,92,1959,240.835,298
13718,246,2,306.55,9,173,153.275,296
13719,15,5,1041.68,56,609,208.336,234
13720,117,4,799.9,42,501,199.975,255
13721,36,1,524.14,28,316,524.14,36
13722,132,3,2375.41,75,1401,791.8033333333333,283
13723,217,1,199.85000000000002,6,43,199.85000000000002,217
13725,50,8,1980.56,95,806,247.57,309
13726,39,2,1079.6599999999999,39,1054,539.8299999999999,101
13727,29,2,333.48,19,162,166.74,34
13728,37,6,1016.14,38,458,169.35666666666665,311
13730,136,2,752.6,38,488,376.3,162
13731,219,2,610.59,36,278,305.295,247
13732,28,1,491.86,33,498,491.86,28
13735,25,4,2885.2400000000002,158,1130,721.3100000000001,234
13736,5,2,731.9,166,497,365.95,260
13737,200,1,339.59999999999997,29,125,339.59999999999997,200
13739,18,1,216.9,3,54,216.9,18
13740,241,1,350.75,23,425,350.75,241
13741,72,3,668.4300000000001,34,218,222.81000000000003,217
13742,17,12,3131.02,200,1124,260.91833333333335,320
13743,3,7,1341.6,8,1776,191.65714285714284,259
13744,95,2,1156.36,54,1249,578.18,292
13745,162,1,300.04,25,496,300.04,162
13747,374,1,79.6,1,8,79.6,374
13748,96,5,948.25,24,439,189.65,374
13750,54,5,1647.26,20,516,329.452,337
13751,288,1,296.25,9,152,296.25,288
13752,124,6,1186.28,64,876,197.71333333333334,247
13753,288,1,741.26,35,512,741.26,288
13754,152,2,282.59999999999997,11,214,141.29999999999998,317
13755,4,9,2161.35,232,1264,240.14999999999998,63
13756,2,14,5189.52,66,3188,370.68,368
13758,12,7,3190.55,104,1844,455.79285714285714,374
13759,33,2,659.4100000000001,24,287,329.70500000000004,71
13760,54,2,286.79,50,197,143.395,256
13761,50,2,1070.65,68,642,535.325,180
13762,219,1,306.72,7,272,306.72,219
13763,63,1,1714.96,15,728,1714.96,63
13764,71,3,1521.76,183,932,507.25333333333333,337
13767,2,37,17220.36,55,7322,465.41513513513513,374
13769,2,10,2796.51,73,1163,279.651,367
13771,64,4,2634.45,114,1477,658.6125,247
13772,34,3,1132.13,141,546,377.3766666666667,240
13774,82,1,345.0,22,192,345.0,82
13777,1,33,25977.16,36,12897,787.1866666666666,373
13778,103,1,178.7,9,70,178.7,103
13780,7,2,360.01,56,318,180.005,171
13781,251,1,127.84,17,30,127.84,251
13782,13,6,912.0,96,371,152.0,328
13784,10,11,2462.79,9,2493,223.89,332
13786,367,1,230.39999999999998,7,136,230.39999999999998,367
13787,76,2,309.04,24,337,154.52,364
13790,4,1,348.8,45,748,348.8,4
13791,128,2,1516.0,7,1200,758.0,168
13792,66,2,195.55,13,92,97.775,287
13798,1,57,37153.85,113,23948,651.8219298245614,372
13799,117,2,688.86,32,402,344.43,294
13800,310,1,558.32,33,331,558.32,310
13801,67,1,324.8,23,168,324.8,67
13802,139,3,4599.42,55,2572,1533.14,312
13803,255,1,277.07,17,121,277.07,255
13804,31,7,2635.79,124,1498,376.5414285714286,290
13805,52,2,924.6,10,1900,462.3,129
13806,64,1,256.38,10,56,256.38,64
13807,367,1,112.6,7,36,112.6,367
13808,6,5,1747.66,70,782,349.53200000000004,97
13809,305,1,155.05,11,29,155.05,305
13810,29,3,1499.01,32,312,499.67,56
13811,184,3,814.5,7,68,271.5,239
13812,42,3,539.0,33,333,179.66666666666666,105
13813,40,4,1366.8600000000001,54,552,341.71500000000003,135
13814,92,2,1579.12,37,864,789.56,137
13815,22,4,4027.36,132,2560,1006.84,319
13816,24,2,571.6700000000001,25,269,285.83500000000004,64
13817,29,2,382.98,20,211,191.49,352
13819,302,3,1140.35,26,1109,380.1166666666666,320
13821,145,2,385.64,51,153,192.82,262
13822,6,2,632.0,90,611,316.0,40
13823,19,2,957.66,39,439,478.83,92
13824,33,5,1698.94,34,768,339.788,310
13826,176,1,189.5,10,82,189.5,176
13827,58,3,412.05,83,141,137.35,143
13828,22,1,209.49,15,311,209.49,22
13831,16,6,2202.99,58,745,367.16499999999996,370
13832,19,1,52.199999999999996,3,28,52.199999999999996,19
13833,159,1,384.8,28,118,384.8,159
13835,25,4,834.57,48,442,208.6425,215
13837,212,2,271.24,17,183,135.62,318
13838,6,4,691.73,144,263,172.9325,370
13841,253,1,85.0,1,100,85.0,253
13842,59,9,3385.62,155,1768,376.18,367
13844,11,1,361.62,20,196,361.62,11
13845,65,1,312.98,9,182,312.98,65
13846,25,3,865.0600000000001,55,388,288.35333333333335,360
13848,92,3,1255.0,3,3700,418.3333333333333,366
13849,52,2,1537.95,97,1016,768.975,171
13850,129,1,1595.48,93,944,1595.48,129
13851,96,3,2651.46,77,1705,883.82,288
13853,57,1,1090.14,23,312,1090.14,57
13854,9,25,8109.5199999999995,39,2296,324.38079999999997,366
13856,169,3,388.5,10,494,129.5,203
13858,57,1,216.17,11,75,216.17,57
13859,326,1,201.16,27,129,201.16,326
13860,1,5,1245.9,58,591,249.18,87
13862,18,8,2209.36,97,1688,276.17,332
13863,248,1,305.78,20,224,305.78,248
13865,58,4,501.56,26,204,125.39,290
13866,74,1,145.67000000000002,7,57,145.67000000000002,74
13867,31,3,1015.29,51,513,338.43,218
13868,7,2,3192.54,32,1964,1596.27,39
13869,123,4,3104.95,234,1721,776.2375,357
13870,2,8,2770.94,91,1325,346.3675,288
13871,23,13,6403.25,155,2806,492.5576923076923,309
13873,120,3,389.6,21,140,129.86666666666667,310
13874,358,1,540.45,18,180,540.45,358
13875,54,5,1786.79,79,1316,357.358,301
13876,64,1,122.7,7,36,122.7,64
13877,86,1,117.24,3,108,117.24,86
13878,55,1,1281.53,35,475,1281.53,55
13880,21,13,3219.77,125,1842,247.67461538461538,367
13881,4,20,17159.52,72,10118,857.976,312
13882,3,5,1191.13,54,953,238.22600000000003,64
13883,11,5,2674.48,108,1436,534.896,253
13884,7,5,787.6,45,300,157.52,283
13885,189,2,506.8,28,182,253.4,201
13886,71,1,243.56,16,126,243.56,71
13887,204,1,349.55,19,147,349.55,204
13888,120,2,605.63,38,258,302.815,218
13889,93,1,416.90000000000003,15,146,416.90000000000003,93
13890,1,10,1883.8100000000002,74,831,188.38100000000003,359
13892,27,4,632.97,26,983,158.2425,247
13893,298,1,821.1,21,190,821.1,298
13894,24,3,564.62,25,354,188.20666666666668,310
13895,28,4,2593.07,97,1365,648.2675,165
13897,50,1,311.16,17,200,311.16,50
13898,326,1,155.93,12,133,155.93,326
13899,16,2,388.52,19,156,194.26,275
13900,183,3,740.95,42,430,246.98333333333335,263
13901,72,5,2867.2,144,1739,573.4399999999999,319
13904,37,2,332.64,24,332,166.32,295
13908,80,4,2369.55,104,1478,592.3875,277
13911,57,9,2580.91,120,2731,286.7677777777778,308
13914,12,2,626.45,28,380,313.225,36
13917,50,2,272.04,16,228,136.02,192
13918,50,2,1212.8400000000001,30,1140,606.4200000000001,253
13919,59,2,384.81,24,474,192.405,122
13922,352,1,172.25,7,93,172.25,352
13923,54,1,351.13,20,185,351.13,54
13924,2,6,1838.8500000000001,90,1575,306.475,72
13925,93,4,678.25,28,331,169.5625,135
13926,23,1,223.85000000000002,11,104,223.85000000000002,23
13927,75,1,348.99,21,214,348.99,75
13928,11,4,464.57,23,129,116.1425,133
13929,169,2,842.65,8,143,421.325,326
13930,58,2,337.34,15,274,168.67,137
13931,96,2,1237.53,56,725,618.765,281
13932,295,1,307.4,16,72,307.4,295
13933,109,2,608.7900000000001,23,205,304.39500000000004,148
13934,264,1,922.1,31,390,922.1,264
13936,180,1,376.58,26,330,376.58,180
13937,169,1,158.85,9,123,158.85,169
13938,35,1,71.66,7,70,71.66,35
13939,23,3,568.55,43,847,189.51666666666665,312
13940,17,4,839.14,39,516,209.785,144
13941,22,5,5112.96,24,2364,1022.592,373
13946,79,3,561.5699999999999,11,443,187.18999999999997,268
13947,65,1,90.6,5,44,90.6,65
13948,361,1,102.0,3,40,102.0,361
13949,3,6,2427.32,124,2474,404.55333333333334,95
13950,11,4,745.06,33,323,186.265,247
13951,176,3,674.45,38,459,224.8166666666667,294
13952,218,2,3251.071,120,1431,1625.5355,239
13953,7,7,3515.68,8,2724,502.23999999999995,353
13954,2,2,439.92,24,150,219.96,71
13955,154,2,322.96,33,154,161.48,306
13956,5,5,1026.42,123,491,205.28400000000002,271
13959,79,3,598.2,79,357,199.4,362
13960,21,2,230.22,11,142,115.11,72
13962,22,2,169.55,11,87,84.775,246
13963,308,4,664.54,35,460,166.135,368
13967,146,1,80.7,2,42,80.7,146
13969,7,18,9053.94,334,4542,502.99666666666667,365
13971,19,8,2758.26,118,1844,344.7825,286
13972,71,2,190.25,15,187,95.125,202
13973,287,1,264.7,11,109,264.7,287
13974,49,1,413.59000000000003,28,249,413.59000000000003,49
13975,31,6,2526.28,240,1732,421.0466666666667,277
13976,207,1,357.98,10,154,357.98,207
13978,15,2,196.79000000000002,14,315,98.39500000000001,45
13979,73,1,869.87,54,639,869.87,73
13980,60,1,200.14,11,172,200.14,60
13982,39,4,1871.81,72,1136,467.9525,365
13983,30,12,2603.43,91,1183,216.9525,367
13984,27,5,920.51,14,679,184.102,366
13985,4,15,7060.13,108,3445,470.67533333333336,264
13986,17,1,320.46,12,430,320.46,17
13988,20,6,4147.96,188,3044,691.3266666666667,255
13989,66,2,1266.08,33,1313,633.04,239
13990,213,1,311.3,16,190,311.3,213
13991,12,6,855.97,58,998,142.66166666666666,143
13992,30,1,76.8,5,64,76.8,30
13993,43,9,3466.36,66,900,385.1511111111111,331
13994,4,6,2313.14,122,940,385.5233333333333,148
13995,15,5,1393.69,55,879,278.738,246
13999,10,12,3901.81,102,2243,325.1508333333333,362
14000,211,1,635.66,15,710,635.66,211
14001,46,3,2043.0800000000002,34,962,681.0266666666668,373
14002,134,2,529.73,47,877,264.865,156
14004,43,7,4582.64,102,2668,654.6628571428572,289
14005,10,5,2874.72,53,2478,574.944,216
14006,116,3,962.19,22,641,320.73,312
14009,198,2,695.61,42,365,347.805,205
14012,278,1,328.8,11,160,328.8,278
14013,110,3,473.02,30,462,157.67333333333332,276
14014,77,1,505.18,39,1076,505.18,77
14015,53,1,917.34,20,378,917.34,53
14016,162,4,4341.21,154,2125,1085.3025,357
14019,47,3,1421.61,37,1037,473.86999999999995,138
14020,17,2,642.8,37,441,321.4,88
14021,155,3,631.9,22,192,210.63333333333333,256
14022,225,1,440.0,28,487,440.0,225
14023,7,2,584.07,30,345,292.035,250
14024,122,2,327.7,16,150,163.85,124
14027,61,1,104.82,6,62,104.82,61
14029,63,2,467.66,15,198,233.83,144
14030,18,8,2360.09,210,1479,295.01125,366
14031,7,19,17286.86,119,5788,909.8347368421053,372
14032,2,11,2975.59,53,2032,270.5081818181818,367
14034,22,3,651.8199999999999,82,423,217.2733333333333,157
14035,29,5,1428.02,41,739,285.604,298
14036,285,1,626.65,38,268,626.65,285
14037,176,2,147.20000000000002,27,46,73.60000000000001,365
14038,78,3,1560.38,64,965,520.1266666666667,207
14039,33,1,152.2,6,92,152.2,33
14040,41,12,3614.92,146,1554,301.24333333333334,331
14041,266,1,141.41,21,94,141.41,266
14044,27,4,652.82,165,308,163.205,310
14045,109,4,1659.75,4,535,414.9375,374
14046,284,1,154.99,14,460,154.99,284
14047,9,5,1308.6100000000001,22,381,261.72200000000004,373
14048,305,1,409.93,83,288,409.93,305
14049,17,4,5681.72,348,3870,1420.43,318
14050,32,2,746.36,49,689,373.18,106
14051,1,23,15610.390000000001,52,3756,678.7126086956522,367
14052,20,1,225.36,56,89,225.36,20
14053,124,2,260.25,2,215,130.125,160
14054,65,1,92.46,6,62,92.46,65
14055,106,1,725.6400000000001,10,216,725.6400000000001,106
14056,1,23,8214.65,320,4273,357.1586956521739,284
14057,24,17,6217.96,179,4876,365.76235294117646,361
14059,267,1,183.6,8,128,183.6,267
14060,5,19,6140.42,86,5386,323.18,373
14062,10,12,10464.85,60,5593,872.0708333333333,364
14064,29,5,1353.74,59,1788,270.748,274
14066,267,1,152.55,7,45,152.55,267
14067,64,2,374.7,51,361,187.35,97
14068,320,1,265.85,22,73,265.85,320
14071,4,8,1438.82,271,995,179.8525,265
14073,32,1,151.04,13,130,151.04,32
14075,5,3,942.26,33,754,314.08666666666664,261
14076,129,1,122.47,43,81,122.47,129
14077,41,5,499.41999999999996,33,268,99.88399999999999,274
14078,102,6,1049.37,46,310,174.89499999999998,373
14079,125,1,375.1,12,301,375.1,125
14080,33,1,45.599999999999994,4,48,45.599999999999994,33
14081,302,2,934.52,126,596,467.26,369
14082,365,1,182.25,28,110,182.25,365
14083,4,9,1018.43,162,732,113.15888888888888,372
14085,2,18,4448.54,272,3184,247.14111111111112,369
14087,3,1,194.42,61,251,194.42,3
14088,10,13,50491.81,379,12665,3883.9853846153846,322
14089,57,1,161.0,13,134,161.0,57
14090,325,1,76.32000000000001,1,72,76.32000000000001,325
14092,8,14,4076.91,117,2066,291.2078571428571,358
14093,12,1,442.85,95,406,442.85,12
14096,4,17,65164.79,1119,16352,3833.2229411764706,102
14098,37,1,147.35,21,104,147.35,37
14099,16,11,3104.17,167,2179,282.1972727272727,355
14100,138,1,194.9,24,64,194.9,138
14101,74,6,5976.79,15,6942,996.1316666666667,326
14102,5,5,1360.28,35,961,272.056,45
14104,155,2,216.20999999999998,21,72,108.10499999999999,166
14105,239,1,1266.23,74,800,1266.23,239
14107,52,7,2703.23,61,1793,386.17571428571426,364
14108,31,2,597.91,33,381,298.955,102
14109,73,1,144.2,9,88,144.2,73
14110,4,12,5683.15,94,2445,473.5958333333333,267
14111,14,4,692.85,10,458,173.2125,242
14112,23,7,2915.15,117,1651,416.45,276
14113,4,4,1840.42,26,745,460.105,355
14114,274,2,386.53,15,101,193.265,331
14116,20,5,1382.74,61,707,276.548,122
14117,144,1,90.0,3,72,90.0,144
14121,4,4,2780.15,148,2082,695.0375,60
14124,84,1,419.58000000000004,4,1618,419.58000000000004,84
14125,11,3,2740.43,159,1640,913.4766666666666,78
14126,8,3,706.1300000000001,14,508,235.3766666666667,11
14127,123,3,709.71,39,321,236.57000000000002,311
14128,61,2,637.5,40,564,318.75,256
14129,2,5,1123.8600000000001,31,592,224.77200000000002,261
14130,319,1,483.86,66,258,483.86,319
14132,2,11,3586.0299999999997,100,3368,326.00272727272727,184
14133,130,3,605.64,25,348,201.88,316
14135,2,15,4690.31,95,3850,312.68733333333336,373
14138,2,2,982.3800000000001,40,610,491.19000000000005,64
14139,46,1,415.82,26,510,415.82,46
14140,4,2,935.05,60,811,467.525,32
14141,3,4,915.13,27,355,228.7825,105
14142,373,1,311.81,22,313,311.81,373
14143,134,1,115.8,7,30,115.8,134
14145,47,4,3742.2,6,756,935.55,217
14146,9,5,4191.0,183,2437,838.2,357
14147,78,2,483.4,4,108,241.7,286
14148,234,1,157.2,3,16,157.2,234
14149,221,1,446.62,28,218,446.62,221
14150,36,2,658.64,23,496,329.32,360
14152,75,2,621.29,47,711,310.645,234
14154,239,2,1345.62,52,465,672.81,239
14155,266,1,118.75,6,25,118.75,266
14156,10,55,117379.63,714,57885,2134.175090909091,372
14157,20,2,432.88,45,284,216.44,285
14158,40,1,507.66,41,781,507.66,40
14159,20,11,4693.01,501,4408,426.6372727272728,363
14161,216,3,1110.52,87,455,370.17333333333335,369
14162,174,2,289.36,25,142,144.68,293
14163,87,4,2445.91,36,893,611.4775,239
14164,71,2,1631.77,28,1033,815.885,81
14165,276,1,122.53999999999999,23,54,122.53999999999999,276
14167,39,4,574.84,27,150,143.71,331
14171,98,1,363.79,57,167,363.79,98
14173,11,4,450.84,28,150,112.71,219
14174,33,1,134.46,26,94,134.46,33
14175,60,3,3222.3,139,1515,1074.1000000000001,330
14176,297,4,576.9000000000001,28,209,144.22500000000002,368
14177,86,4,559.41,37,205,139.8525,180
14178,9,7,1620.93,191,1505,231.5614285714286,182
14179,41,2,719.78,135,330,359.89,52
14180,11,25,4748.52,112,719,189.94080000000002,372
14184,67,1,452.89,24,127,452.89,67
14185,331,1,197.65,3,6,197.65,331
14188,31,6,2054.36,34,1162,342.3933333333334,310
14189,2,15,4654.08,176,3937,310.272,369
14191,2,13,4684.76,145,3662,360.36615384615385,221
14193,68,2,853.39,35,445,426.695,270
14194,5,21,11349.52,269,5840,540.4533333333334,308
14195,202,2,1012.0,7,760,506.0,252
14196,107,1,335.52,6,142,335.52,107
14198,18,4,701.4,35,290,175.35,239
14199,218,1,185.39999999999998,2,28,185.39999999999998,218
14201,60,7,747.44,32,590,106.77714285714286,359
14204,2,1,161.03,36,82,161.03,2
14205,17,2,466.7,23,204,233.35,264
14206,239,1,328.15999999999997,20,276,328.15999999999997,239
14208,95,1,151.74,10,114,151.74,95
14209,11,6,2073.43,55,691,345.57166666666666,332
14210,106,6,1905.8400000000001,66,760,317.64000000000004,372
14211,53,9,2241.1,87,1242,249.0111111111111,295
14212,90,1,1070.48,9,1152,1070.48,90
14214,31,5,1004.38,64,751,200.876,278
14215,12,6,1789.72,98,1358,298.2866666666667,368
14216,3,4,1839.3,47,594,459.825,38
14217,2,17,2004.98,78,689,117.94,366
14218,43,1,169.48000000000002,12,160,169.48000000000002,43
14219,4,1,89.94,7,78,89.94,4
14220,247,2,632.4,21,272,316.2,358
14221,42,9,3432.8,123,2191,381.4222222222222,339
14222,177,1,683.17,41,607,683.17,177
14223,92,3,991.13,50,585,330.37666666666667,264
14224,110,4,1050.12,105,514,262.53,320
14226,29,5,2232.19,64,1308,446.438,269
14227,26,10,3350.96,117,1820,335.096,285
14229,52,3,1547.2,29,610,515.7333333333333,334
14231,184,3,925.71,47,409,308.57,289
14232,43,5,2048.07,81,1941,409.61400000000003,265
14233,49,4,1462.72,30,680,365.68,318
14234,22,4,775.46,122,963,193.865,57
14235,75,5,3144.86,65,1959,628.972,260
14236,81,2,490.86,15,310,245.43,372
14237,373,1,161.0,9,38,161.0,373
14238,326,1,146.85,8,111,146.85,326
14239,43,11,2380.85,83,993,216.4409090909091,316
14240,30,2,890.34,37,418,445.17,226
14241,184,1,213.70000000000002,10,146,213.70000000000002,184
14242,235,2,280.55,13,123,140.275,326
14243,9,10,2588.77,99,1221,258.877,366
14245,220,2,1693.45,107,976,846.725,264
14246,111,3,1474.06,57,804,491.3533333333333,246
14247,278,1,136.76999999999998,19,47,136.76999999999998,278
14248,318,1,302.58,8,102,302.58,318
14250,7,3,1904.05,94,1200,634.6833333333333,89
14251,2,5,2879.7000000000003,37,1674,575.94,58
14256,260,2,969.0600000000001,51,414,484.53000000000003,365
14257,64,5,3099.7200000000003,88,1682,619.9440000000001,319
14258,9,9,12669.98,58,7100,1407.7755555555555,338
14259,142,1,120.0,5,68,120.0,142
14261,51,2,1163.45,52,406,581.725,79
14262,8,8,2618.23,87,1645,327.27875,241
14264,155,2,333.97,15,70,166.985,246
14265,109,2,530.18,31,330,265.09,149
14267,163,3,1516.24,25,530,505.41333333333336,261
14270,332,1,492.65000000000003,29,197,492.65000000000003,332
14271,226,1,112.32,10,88,112.32,226
14272,74,2,437.96,33,599,218.98,254
14273,51,4,559.97,22,264,139.9925,242
14276,99,3,1119.74,52,744,373.24666666666667,290
14277,15,3,4216.2,195,1984,1405.3999999999999,212
14280,197,1,134.04,8,52,134.04,197
14282,3,15,3729.34,70,2668,248.62266666666667,368
14284,31,2,595.25,24,161,297.625,86
14285,21,4,1910.01,18,541,477.5025,177
14286,24,3,4628.75,220,4338,1542.9166666666667,243
14287,8,3,176.63,9,261,58.876666666666665,199
14288,213,1,426.6,16,188,426.6,213
14289,9,6,911.26,33,292,151.87666666666667,290
14290,11,5,2314.65,89,915,462.93,362
14291,2,11,3883.25,145,2749,353.02272727272725,275
14292,8,9,4871.93,64,1663,541.3255555555556,283
14293,3,4,1046.56,51,709,261.64,369
14295,40,1,166.20000000000002,5,84,166.20000000000002,40
14297,18,4,1305.33,48,865,326.3325,275
14298,8,44,51527.3,884,58343,1171.075,360
14299,8,9,3965.62,94,2149,440.6244444444444,366
14300,19,1,43.2,3,32,43.2,19
14301,117,1,640.14,13,606,640.14,117
14304,223,1,383.45,17,139,383.45,223
14305,71,3,1858.96,96,1089,619.6533333333333,135
14306,51,2,2093.32,33,1075,1046.66,86
14307,89,6,2995.72,150,2058,499.28666666666663,374
14309,8,9,2352.53,74,1633,261.39222222222224,358
14311,243,1,310.26,20,146,310.26,243
14312,47,6,1611.59,74,1012,268.5983333333333,337
14314,107,1,120.0,8,296,120.0,107
14315,45,6,2481.13,64,1021,413.5216666666667,266
14317,65,1,508.58000000000004,24,255,508.58000000000004,65
14320,207,2,477.79,29,325,238.895,333
14321,11,5,1530.75,111,2406,306.15,334
14323,115,2,605.0600000000001,32,350,302.53000000000003,239
14326,242,1,183.85,8,103,183.85,242
14327,163,1,311.65,12,139,311.65,163
14329,17,7,5014.84,218,3095,716.4057142857143,329
14331,124,2,462.65999999999997,27,252,231.32999999999998,135
14332,23,3,866.31,22,481,288.77,148
14333,68,1,415.2,15,58,415.2,68
14334,17,8,2552.21,98,1731,319.02625,358
14335,16,2,468.26,55,379,234.13,96
14336,17,4,1614.91,77,1759,403.7275,276
14338,161,2,588.22,30,335,294.11,196
14339,243,1,309.52,14,168,309.52,243
14340,219,1,134.7,6,58,134.7,219
14341,45,8,2182.28,109,1403,272.785,318
14342,21,4,668.5600000000001,18,347,167.14000000000001,210
14344,127,8,889.9300000000001,56,477,111.24125000000001,369
14345,39,1,108.97999999999999,6,50,108.97999999999999,39
14346,121,2,1021.58,55,605,510.79,297
14348,260,1,409.57,18,183,409.57,260
14349,10,1,133.5,31,86,133.5,10
14350,274,1,282.93,18,183,282.93,274
14351,165,1,51.0,1,12,51.0,165
14352,157,4,1078.96,44,538,269.74,273
14353,215,1,90.6,6,64,90.6,215
14354,6,2,163.62,9,210,81.81,30
14355,366,1,174.4,11,92,174.4,366
14356,80,2,701.23,33,277,350.615,81
14357,43,1,225.77,39,148,225.77,43
14359,19,3,912.18,44,371,304.06,88
14360,32,4,2128.23,104,1151,532.0575,95
14362,22,1,161.2,37,100,161.2,22
14364,109,8,3717.35,61,1967,464.66875,211
14367,8,16,9261.52,270,4438,578.845,276
14368,320,1,155.0,8,36,155.0,320
14371,295,1,100.5,4,34,100.5,295
14373,358,1,76.55,4,17,76.55,358
14375,185,1,257.68,57,194,257.68,185
14377,191,2,617.05,11,219,308.525,262
14379,44,2,348.1,39,292,174.05,295
14381,52,1,202.68,56,146,202.68,52
14382,26,1,626.0699999999999,121,1237,626.0699999999999,26
14383,38,3,1247.69,49,817,415.8966666666667,164
14385,9,3,202.11,13,159,67.37,24
14386,297,1,142.4,7,54,142.4,297
14387,33,3,1770.56,125,819,590.1866666666666,109
14388,10,8,3212.84,124,1941,401.605,373
14389,65,2,1043.46,33,729,521.73,191
14390,10,9,4652.82,135,2136,516.98,373
14393,218,1,67.95,5,13,67.95,218
14395,2,9,3507.71,181,1693,389.74555555555554,372
14396,65,2,487.99,71,225,243.995,371
14397,3,19,2612.96,18,1890,137.52421052631578,214
14400,149,1,574.7,25,454,574.7,149
14401,4,13,4051.48,113,4507,311.6523076923077,360
14403,130,4,1475.81,17,519,368.9525,247
14404,34,6,1474.32,70,839,245.72,369
14406,119,1,156.75,8,77,156.75,119
14407,107,6,2157.73,67,1415,359.62166666666667,277
14408,11,7,2606.53,60,1616,372.3614285714286,264
14409,71,6,2059.4500000000003,40,1230,343.24166666666673,368
14410,92,9,1105.07,153,571,122.78555555555555,306
14411,311,1,1063.0,14,196,1063.0,311
14412,43,2,770.03,43,786,385.015,73
14413,362,1,122.7,22,68,122.7,362
14414,92,7,1496.98,79,2512,213.8542857142857,359
14415,1,13,5900.28,283,3011,453.86769230769227,360
14416,22,2,490.22,13,326,245.11,42
14418,4,3,1937.25,114,1711,645.75,108
14419,11,6,1058.06,112,487,176.34333333333333,365
14420,99,1,387.52,29,334,387.52,99
14421,57,2,813.11,25,365,406.555,212
14422,1,6,4263.64,189,2906,710.6066666666667,267
14423,218,1,265.2,3,120,265.2,218
14424,18,1,322.08,1,48,322.08,18
14426,24,10,4481.67,183,2699,448.16700000000003,313
14427,50,2,363.34000000000003,16,228,181.67000000000002,64
14428,7,5,1244.83,108,436,248.96599999999998,325
14431,303,1,470.36,17,130,470.36,303
14432,10,6,2255.51,256,2070,375.91833333333335,89
14434,22,6,1372.8,3,368,228.79999999999998,72
14436,99,1,89.06,9,129,89.06,99
14437,366,1,63.0,5,60,63.0,366
14438,306,1,131.9,9,82,131.9,306
14439,320,1,2661.24,32,526,2661.24,320
14440,8,5,2357.6800000000003,33,588,471.53600000000006,366
14441,1,4,1712.89,43,446,428.2225,256
14442,205,2,1589.82,58,482,794.91,317
14443,54,4,1420.2,84,938,355.05,369
14446,1,4,1039.58,233,933,259.895,247
14447,19,5,1163.23,54,571,232.64600000000002,281
14448,9,2,375.35,20,104,187.675,364
14449,19,4,907.1,201,757,226.775,372
14450,181,3,483.25,32,241,161.08333333333334,321
14451,60,2,662.59,86,389,331.295,195
14452,11,2,264.44,55,119,132.22,94
14453,190,1,119.93,22,49,119.93,190
14456,5,9,3062.4,580,2908,340.26666666666665,142
14457,311,1,113.64,4,88,113.64,311
14459,155,1,1837.92,37,760,1837.92,155
14460,110,3,434.34,14,881,144.78,311
14461,148,3,2103.06,173,766,701.02,262
14462,66,11,2004.02,150,964,182.18363636363637,340
14463,98,3,529.62,6,179,176.54,205
14465,247,3,1058.6200000000001,107,405,352.8733333333334,303
14466,29,7,2272.4,35,1006,324.62857142857143,372
14467,18,4,598.76,67,278,149.69,313
14470,12,2,461.19,43,193,230.595,288
14472,104,8,1936.84,153,1160,242.105,355
14473,74,2,234.34000000000003,7,88,117.17000000000002,282
14474,46,1,547.66,29,140,547.66,46
14475,72,3,925.85,35,447,308.6166666666667,305
14476,257,1,215.7,17,132,215.7,257
14477,20,4,1309.6,7,720,327.4,297
14479,254,2,316.25,18,117,158.125,365
14480,11,1,279.05,13,143,279.05,11
14481,165,2,636.51,25,489,318.255,287
14482,18,6,2068.15,110,1646,344.69166666666666,239
14483,282,1,137.1,9,97,137.1,282
14484,50,1,321.92,14,210,321.92,50
14485,39,1,165.75,44,71,165.75,39
14487,27,6,1196.33,112,735,199.38833333333332,368
14488,68,1,1064.28,46,799,1064.28,68
14489,207,1,463.38,30,299,463.38,207
14491,175,2,340.93,17,139,170.465,373
14493,7,5,2383.2400000000002,95,1285,476.648,155
14494,26,1,139.56,7,92,139.56,26
14495,51,2,123.8,6,62,61.9,121
14496,312,2,538.8100000000001,16,159,269.40500000000003,373
14497,309,1,475.37,29,235,475.37,309
14498,43,5,1957.32,162,1098,391.464,362
14499,26,3,815.32,146,501,271.77333333333337,279
14500,88,3,356.85,6,117,118.95,190
14501,184,2,251.21,9,161,125.605,320
14502,20,11,2470.67,368,1498,224.60636363636365,313
14503,3,6,3543.26,113,2004,590.5433333333334,179
14504,47,4,673.26,85,308,168.315,278
14505,17,8,5905.64,540,2759,738.205,362
14506,17,5,2012.17,204,730,402.434,369
14507,24,6,1383.18,79,600,230.53,276
14508,22,2,276.42,52,131,138.21,90
14511,11,5,1314.81,53,784,262.962,134
14512,188,2,275.28,19,122,137.64,232
14513,101,3,455.59000000000003,11,361,151.86333333333334,289
14514,61,3,1055.35,65,589,351.7833333333333,331
14515,18,6,2102.09,68,1134,350.34833333333336,219
14517,33,2,330.45,17,91,165.225,142
14518,64,1,174.37,16,278,174.37,64
14520,2,2,270.6,3,146,135.3,291
14522,24,4,974.54,15,525,243.635,198
14523,108,1,241.09,12,251,241.09,108
14524,32,9,1867.68,161,676,207.52,361
14525,20,9,4332.2,217,2696,481.35555555555555,361
14527,3,55,8508.82,330,2089,154.7058181818182,369
14528,37,1,364.21999999999997,18,278,364.21999999999997,37
14529,60,3,620.04,177,348,206.67999999999998,110
14530,26,6,2925.91,140,1410,487.65166666666664,297
14532,236,4,932.85,45,284,233.2125,352
14533,25,7,1949.72,53,4019,278.5314285714286,353
14534,3,18,4447.05,331,2047,247.05833333333334,319
14535,60,3,2864.19,280,1831,954.73,249
14536,260,1,171.8,18,40,171.8,260
14537,58,1,355.56,10,120,355.56,58
14538,65,2,388.25,19,155,194.125,256
14539,16,2,537.48,31,428,268.74,45
14540,10,3,996.26,64,421,332.08666666666664,309
14541,59,8,1461.65,71,647,182.70625,319
14542,186,1,103.25,5,19,103.25,186
14543,29,16,3630.33,43,679,226.895625,365
14544,24,2,2024.45,97,1543,1012.225,362
14546,5,5,2578.09,250,1317,515.618,249
14547,4,8,4007.54,198,2668,500.9425,54
14548,151,2,652.8,2,256,326.4,318
14549,311,1,289.24,56,136,289.24,311
14550,11,2,765.62,38,394,382.81,45
14551,18,2,186.23,9,106,93.115,204
14552,152,1,165.07,57,91,165.07,152
14553,19,5,859.27,103,493,171.85399999999998,339
14554,10,4,2381.04,147,1478,595.26,52
14555,57,2,324.14,18,130,162.07,302
14557,85,1,788.38,16,510,788.38,85
14560,7,22,2237.77,39,1260,101.71681818181818,358
14561,76,3,1080.76,67,1014,360.25333333333333,184
14562,4,18,5074.77,187,1834,281.9316666666667,304
14565,96,4,3099.12,111,1540,774.78,361
14566,111,1,1432.0,4,800,1432.0,111
14567,57,2,1530.3600000000001,33,412,765.1800000000001,130
14569,1,1,227.39,10,79,227.39,1
14570,281,2,218.06,29,95,109.03,281
14572,3,7,2832.84,190,1428,404.6914285714286,324
14573,180,9,1653.42,127,544,183.71333333333334,372
14576,372,1,35.400000000000006,1,12,35.400000000000006,372
14577,13,4,859.71,86,353,214.9275,363
14578,3,1,168.63,24,240,168.63,3
14581,17,1,138.6,16,217,138.6,17
14582,41,1,114.11,6,73,114.11,41
14583,6,5,1052.55,243,792,210.51,206
14584,169,4,1042.26,68,383,260.565,198
14585,50,1,157.05,29,91,157.05,50
14586,277,1,237.36,19,444,237.36,277
14587,19,9,1601.14,170,761,177.90444444444447,331
14589,372,1,39.75,3,5,39.75,372
14591,15,4,1447.14,138,1297,361.785,213
14592,35,3,570.46,132,415,190.15333333333334,64
14593,22,3,617.99,127,332,205.99666666666667,199
14594,7,2,379.83,48,185,189.915,373
14595,20,6,1740.6,94,978,290.09999999999997,313
14597,11,2,883.15,45,577,441.575,192
14598,44,1,221.97,49,189,221.97,44
14600,306,1,393.33000000000004,25,125,393.33000000000004,306
14601,11,1,213.96,7,168,213.96,11
14603,275,1,660.0,2,400,660.0,275
14606,1,93,12156.65,819,6224,130.71666666666667,373
14607,16,14,16569.5,38,11766,1183.5357142857142,261
14608,4,4,1785.15,8,437,446.2875,362
14609,72,4,601.56,2,7026,150.39,297
14616,243,3,406.08000000000004,2,104,135.36,318
14618,9,3,553.44,10,264,184.48000000000002,338
14619,246,1,394.44,20,152,394.44,246
14620,206,2,412.78000000000003,26,214,206.39000000000001,284
14621,1,5,1788.3600000000001,80,993,357.672,358
14622,185,1,320.58000000000004,21,146,320.58000000000004,185
14623,32,5,889.25,108,419,177.85,235
14624,57,2,225.85,13,162,112.925,59
14625,196,2,899.63,51,335,449.815,361
14626,24,4,2791.27,108,1403,697.8175,233
14628,91,2,671.96,22,272,335.98,242
14629,4,2,959.01,133,380,479.505,47
14631,51,3,1006.98,38,622,335.66,299
14632,263,1,114.56,8,96,114.56,263
14633,266,1,344.90000000000003,20,96,344.90000000000003,266
14636,36,2,609.85,27,241,304.925,269
14638,51,1,443.6,16,166,443.6,51
14639,52,6,2984.49,138,1431,497.41499999999996,361
14640,24,6,2125.08,87,886,354.18,228
14641,22,1,110.46,7,90,110.46,22
14642,59,1,96.12,2,76,96.12,59
14643,170,2,693.8100000000001,30,815,346.90500000000003,358
14644,68,2,830.76,26,258,415.38,298
14645,157,2,597.09,28,381,298.545,276
14646,2,73,280206.02,700,196915,3838.4386301369864,355
14647,201,1,243.22,24,95,243.22,201
14649,5,4,1417.29,148,1018,354.3225,212
14651,67,2,654.6,95,344,327.3,211
14652,77,1,114.18,29,53,114.18,77
14653,1,7,1947.55,154,950,278.2214285714286,338
14655,8,4,1932.23,35,1089,483.0575,222
14656,169,2,291.05,73,120,145.525,283
14657,18,4,848.22,103,466,212.055,326
14658,5,2,247.15,27,47,123.575,117
14659,9,9,2529.93,147,1195,281.1033333333333,316
14660,87,2,285.74,24,228,142.87,101
14661,27,1,107.95,4,35,107.95,27
14662,29,4,771.17,143,602,192.7925,316
14664,20,2,637.89,78,466,318.945,33
14665,61,5,1835.7,63,740,367.14,311
14666,24,1,195.25,14,161,195.25,24
14667,11,25,9241.2,354,5385,369.648,368
14669,242,3,1269.99,158,775,423.33,333
14670,280,2,411.53,107,337,205.765,280
14672,235,2,765.55,58,454,382.775,336
14673,3,5,1736.4,39,1004,347.28000000000003,368
14675,16,1,604.75,93,341,604.75,16
14676,31,6,2548.2400000000002,29,2500,424.7066666666667,283
14680,25,16,28754.11,73,13476,1797.131875,372
14681,71,3,498.95,6,76,166.31666666666666,212
14682,188,2,52.0,1,80,26.0,201
14684,26,5,1236.28,231,853,247.256,363
14687,107,1,628.38,15,470,628.38,107
14688,8,21,5630.87,148,3621,268.13666666666666,374
14689,209,1,112.8,13,76,112.8,209
14690,44,2,371.7,40,170,185.85,152
14691,31,5,2114.33,50,707,422.866,213
14692,137,4,591.55,53,265,147.8875,322
14693,265,1,172.9,8,34,172.9,265
14696,4,7,2078.95,117,1630,296.99285714285713,373
14697,218,2,188.60999999999999,22,181,94.30499999999999,218
14698,2,5,1250.76,148,615,250.152,51
14699,214,1,109.13000000000001,8,77,109.13000000000001,214
14700,32,3,2235.3,80,1342,745.1,238
14701,11,9,2549.37,268,932,283.2633333333333,317
14702,1,17,3292.14,196,1454,193.65529411764706,365
14703,15,1,318.17,22,183,318.17,15
14704,11,9,1546.91,288,1082,171.8788888888889,180
14705,199,1,179.0,1,100,179.0,199
14708,3,3,1126.37,25,621,375.45666666666665,369
14709,15,13,4921.04,71,2484,378.54153846153844,358
14710,14,4,606.13,124,378,151.5325,59
14711,10,11,2868.8,221,978,260.8,262
14712,29,3,917.07,21,315,305.69,112
14713,9,11,2666.36,146,1615,242.39636363636365,365
14714,24,1,160.19,10,229,160.19,24
14715,25,4,867.38,60,521,216.845,331
14716,43,2,329.68,46,604,164.84,149
14719,2,5,1602.13,177,1032,320.42600000000004,249
14720,6,3,663.81,34,219,221.26999999999998,127
14722,147,1,187.92000000000002,28,120,187.92000000000002,147
14723,10,6,1158.3,193,695,193.04999999999998,371
14725,25,1,718.08,45,593,718.08,25
14727,274,1,268.58,10,62,268.58,274
14729,374,1,313.49,69,197,313.49,374
14730,1,8,2005.06,317,1132,250.6325,277
14731,47,3,380.02,38,256,126.67333333333333,212
14732,8,8,2702.4900000000002,105,1405,337.81125000000003,339
14733,16,12,9585.91,102,3764,798.8258333333333,368
14735,4,32,6065.69,99,2264,189.5528125,358
14737,4,3,1164.55,15,345,388.18333333333334,353
14738,43,7,1314.45,39,601,187.77857142857144,316
14739,4,7,3902.28,47,3820,557.4685714285714,367
14740,197,3,1448.21,85,735,482.7366666666667,284
14741,12,6,1400.34,35,841,233.39,373
14744,16,7,1099.98,21,627,157.14000000000001,367
14745,113,5,1220.26,46,1038,244.052,285
14747,249,1,328.2,18,84,328.2,249
14748,29,5,1415.75,87,1223,283.15,369
14752,44,1,389.64,5,260,389.64,44
14753,87,1,563.15,30,211,563.15,87
14754,45,2,638.05,38,486,319.025,296
14755,10,11,5010.28,128,2219,455.47999999999996,334
14756,15,1,738.96,38,416,738.96,15
14757,75,1,420.5,19,160,420.5,75
14758,145,4,1484.06,54,419,371.015,260
14759,5,3,1625.97,92,569,541.99,233
14760,297,1,89.2,5,40,89.2,297
14761,59,2,255.9,11,118,127.95,335
14762,264,1,300.52,21,341,300.52,264
14764,47,1,278.3,6,190,278.3,47
14765,29,3,254.11,38,135,84.70333333333333,176
14766,8,6,2473.37,111,1349,412.2283333333333,366
14768,17,2,192.60000000000002,4,52,96.30000000000001,127
14769,3,8,10674.75,718,7436,1334.34375,358
14770,232,2,876.42,49,490,438.21,323
14772,112,1,139.26,9,82,139.26,112
14775,58,3,1011.9,57,1174,337.3,372
14776,51,11,2538.3,44,3134,230.75454545454548,312
14778,127,2,730.86,34,306,365.43,309
14779,281,3,386.15,40,84,128.71666666666667,324
14780,55,2,447.68,26,310,223.84,79
14782,320,1,200.10000000000002,6,114,200.10000000000002,320
14784,26,2,289.99,15,237,144.995,324
14785,10,2,77.4,2,84,38.7,15
14788,7,2,679.4399999999999,26,421,339.71999999999997,26
14789,29,1,197.64,6,116,197.64,29
14790,17,4,745.06,30,699,186.265,254
14792,64,1,6.2,2,2,6.2,64
14793,21,1,228.99,14,91,228.99,21
14794,3,7,1319.91,68,673,188.55857142857144,334
14795,166,1,131.45000000000002,6,17,131.45000000000002,166
14796,1,17,8022.49,403,6025,471.9111764705882,367
14798,53,3,173.74,11,150,57.913333333333334,310
14799,51,1,157.7,13,146,157.7,51
14800,48,12,4339.74,246,3655,361.645,370
14801,61,1,193.14,56,175,193.14,61
14803,162,3,845.55,35,370,281.84999999999997,292
14804,9,1,353.27,12,121,353.27,9
14805,15,4,554.65,30,115,138.6625,314
14806,75,1,193.39000000000001,11,330,193.39000000000001,75
14808,40,8,2741.17,176,2147,342.64625,172
14810,41,11,2087.88,106,1016,189.80727272727273,370
14813,370,2,155.43,25,67,77.715,370
14815,37,2,778.5,53,744,389.25,68
14816,197,1,271.85,4,5,271.85,197
14817,200,2,1110.34,52,655,555.17,277
14818,74,3,657.8,41,324,219.26666666666665,254
14819,64,2,272.07,13,109,136.035,192
14820,21,4,507.29,24,253,126.8225,173
14821,367,1,48.800000000000004,2,20,48.800000000000004,367
14823,180,3,321.43,56,88,107.14333333333333,195
14824,10,4,1127.71,19,525,281.9275,91
14825,4,12,2226.91,82,991,185.57583333333332,369
14828,197,3,2139.76,17,2172,713.2533333333334,337
14829,29,4,697.55,39,452,174.3875,372
14830,53,1,197.13,39,169,197.13,53
14834,18,6,1720.3,43,734,286.71666666666664,240
14836,10,3,102.44999999999999,5,45,34.15,30
14837,90,4,1649.5,96,1436,412.375,202
14840,268,1,62.85,4,31,62.85,268
14841,53,6,3295.76,103,1778,549.2933333333334,359
14842,44,4,2824.69,128,1166,706.1725,308
14844,64,4,3189.81,87,1833,797.4525,241
14847,149,1,309.4,13,120,309.4,149
14849,22,25,7930.54,159,5694,317.2216,374
14850,312,1,325.75,21,293,325.75,312
14851,23,2,511.35,28,325,255.675,256
14852,58,6,2836.69,96,1747,472.7816666666667,252
14853,24,2,475.8,8,82,237.9,211
14854,78,7,2759.83,110,1832,394.26142857142855,275
14855,119,2,645.65,13,267,322.825,135
14856,36,3,1311.3799999999999,65,714,437.1266666666666,57
14857,60,2,1173.12,58,464,586.56,148
14859,13,4,1353.74,47,671,338.435,204
14860,19,1,170.32,11,232,170.32,19
14861,52,1,125.79,6,117,125.79,52
14862,26,2,841.1999999999999,47,772,420.59999999999997,149
14863,29,1,266.76,11,132,266.76,29
14865,7,2,52.2,4,108,26.1,372
14866,11,12,14389.9,30,6752,1199.1583333333333,366
14867,186,3,710.28,31,328,236.76,336
14868,3,8,2953.59,96,1405,369.19875,233
14869,9,2,725.7,66,550,362.85,103
14870,262,1,327.25,13,119,327.25,262
14871,3,4,522.38,68,185,130.595,361
14873,210,1,519.68,28,168,519.68,210
14875,108,2,1465.3200000000002,46,558,732.6600000000001,263
14878,13,9,1485.54,62,802,165.06,359
14880,77,3,706.19,45,373,235.39666666666668,289
14881,20,1,255.4,17,316,255.4,20
14882,27,2,589.7,6,158,294.85,34
14883,19,6,761.59,39,790,126.93166666666667,212
14885,132,1,765.3199999999999,15,724,765.3199999999999,132
14886,253,1,364.8,18,160,364.8,253
14887,79,1,1862.0,6,1100,1862.0,79
14888,207,1,369.2,20,184,369.2,207
14889,336,1,135.9,10,90,135.9,336
14890,254,1,125.65,7,51,125.65,254
14891,148,2,554.38,30,505,277.19,188
14893,10,2,1237.8500000000001,72,799,618.9250000000001,12
14894,85,1,655.75,23,265,655.75,85
14895,8,20,11138.710000000001,273,4851,556.9355,290
14896,205,2,468.77000000000004,43,279,234.38500000000002,366
14897,8,4,1366.38,43,468,341.595,297
14898,23,6,1303.52,86,1020,217.25333333333333,371
14901,11,9,1421.29,73,661,157.92111111111112,373
14902,26,1,332.66,20,218,332.66,26
14903,21,5,2810.63,227,1536,562.126,279
14904,2,2,1025.44,66,1985,512.72,26
14905,158,2,616.15,14,287,308.075,234
14907,3,7,3501.1,125,1691,500.15714285714284,368
14908,74,1,277.8,9,132,277.8,74
14910,3,4,434.35,25,238,108.5875,55
14911,1,201,143825.06,1787,80265,715.5475621890547,373
14912,17,2,867.85,21,971,433.925,247
14913,36,4,1227.43,76,1743,306.8575,359
14915,91,2,307.48,12,112,153.74,278
14916,71,4,1268.98,72,1136,317.245,324
14918,116,2,1610.15,39,675,805.075,155
14920,213,2,977.77,57,509,488.885,213
14921,30,2,1316.07,78,953,658.035,201
14923,51,1,749.1,44,418,749.1,51
14924,246,1,310.05,10,64,310.05,246
14929,32,1,223.88,11,136,223.88,32
14930,109,3,2372.86,116,1166,790.9533333333334,274
14931,5,5,1257.68,30,417,251.536,241
14932,366,1,363.53,17,80,363.53,366
14934,82,2,1890.94,68,1042,945.47,283
14935,297,1,1784.71,10,935,1784.71,297
14936,34,8,8137.02,210,4085,1017.1275,276
14937,57,3,1621.88,33,484,540.6266666666667,130
14944,30,12,5900.25,101,2815,491.6875,297
14946,14,1,100.9,3,22,100.9,14
14947,72,2,290.82,14,179,145.41,131
14948,23,6,1101.97,56,673,183.66166666666666,219
14950,19,1,371.2,19,136,371.2,19
14951,79,1,311.69,20,311,311.69,79
14952,60,11,8099.49,117,3355,736.3172727272727,365
14953,25,1,289.82,54,225,289.82,25
14954,12,1,336.17,75,127,336.17,12
14957,253,1,58.49,12,34,58.49,253
14958,147,3,499.68,33,129,166.56,246
14959,64,4,695.42,37,494,173.855,296
14960,8,2,221.27,23,221,110.635,171
14961,11,9,7044.68,193,3708,782.7422222222223,361
14962,271,1,126.7,5,44,126.7,271
14963,10,5,1487.8,149,1176,297.56,184
14964,247,1,206.21,13,143,206.21,247
14965,96,2,599.0,80,365,299.5,96
14966,15,1,191.32,35,187,191.32,15
14967,50,1,463.8,6,140,463.8,50
14968,30,1,147.59,37,127,147.59,30
14970,68,4,1592.06,24,250,398.015,317
14971,35,3,1116.57,144,644,372.19,43
14972,128,1,114.77,18,28,114.77,128
14973,107,3,1314.45,29,369,438.15000000000003,226
14974,37,1,114.39,17,44,114.39,37
14975,57,1,279.94,11,380,279.94,57
14976,57,7,790.86,47,234,112.98,327
14978,72,5,1931.42,136,525,386.284,331
14981,246,1,102.12,8,97,102.12,246
14984,19,2,213.27,37,60,106.635,181
14985,198,2,296.75,78,260,148.375,358
14987,16,2,326.4,2,128,163.2,366
14988,212,1,334.54,40,141,334.54,212
14995,39,2,233.23000000000002,53,103,116.61500000000001,280
14997,46,3,546.1999999999999,25,1120,182.06666666666663,178
14998,170,2,429.87,70,270,214.935,241
15000,48,1,490.52,76,218,490.52,48
15002,116,4,1641.76,93,862,410.44,367
15004,147,1,1246.32,154,630,1246.32,147
15005,16,28,6316.57,360,4247,225.5917857142857,366
15006,51,1,502.09,121,302,502.09,51
15007,159,1,156.91,12,69,156.91,159
15009,12,3,1261.78,148,642,420.5933333333333,25
15010,36,1,308.94,20,184,308.94,36
15012,54,2,423.04,110,231,211.52,374
15014,43,2,260.17,29,151,130.085,176
15016,173,1,170.04,20,76,170.04,173
15017,34,1,125.58,20,63,125.58,34
15018,39,3,496.21000000000004,30,189,165.40333333333334,368
15019,267,1,266.0,64,159,266.0,267
15021,9,9,1914.82,287,847,212.75777777777776,367
15022,12,4,905.04,96,543,226.26,47
15023,3,11,6802.76,347,2871,618.4327272727273,369
15024,10,10,1661.33,105,920,166.13299999999998,367
15025,33,1,377.01,66,189,377.01,33
15026,80,3,469.0,57,285,156.33333333333334,277
15027,31,4,1066.1499999999999,30,565,266.53749999999997,238
15028,8,4,627.13,35,459,156.7825,369
15030,72,2,518.28,7,372,259.14,268
15031,4,4,668.14,74,401,167.035,282
15032,256,3,4959.1,29,2968,1653.0333333333335,366
15033,5,10,2586.67,315,1695,258.66700000000003,329
15034,16,8,4308.61,299,2422,538.57625,354
15035,90,1,252.73000000000002,26,245,252.73000000000002,90
15036,72,3,465.55,107,327,155.18333333333334,180
15038,59,6,705.49,105,217,117.58166666666666,370
15039,10,47,19914.44,408,9209,423.7114893617021,369
15041,170,1,180.35,66,104,180.35,170
15042,199,1,135.93,5,30,135.93,199
15043,31,1,537.0,3,300,537.0,31
15044,19,17,7700.2300000000005,233,2795,452.954705882353,362
15045,152,2,735.66,11,114,367.83,258
15046,9,15,5213.7699999999995,147,3451,347.58466666666664,338
15047,270,1,343.62,22,222,343.62,270
15048,65,4,384.05,86,195,96.0125,369
15049,274,1,121.17000000000002,3,63,121.17000000000002,274
15050,25,3,1782.09,68,1224,594.03,71
15051,23,3,1391.61,130,1011,463.86999999999995,150
15052,319,1,215.78,27,82,215.78,319
15053,5,3,697.79,49,986,232.59666666666666,282
15054,12,2,302.1,105,198,151.05,40
15057,275,2,1489.5,25,668,744.75,316
15058,25,11,2124.9900000000002,199,1069,193.18090909090913,312
15059,41,9,1337.72,161,604,148.63555555555556,335
15060,8,4,303.09,81,263,75.7725,9
15061,4,48,54534.14,70,28920,1136.1279166666666,372
15062,71,4,987.86,47,763,246.965,359
15063,213,1,370.79999999999995,5,56,370.79999999999995,213
15065,38,4,3158.13,148,1383,789.5325,291
15066,53,1,893.59,42,317,893.59,53
15067,78,3,1744.76,82,954,581.5866666666667,283
15068,46,2,553.36,96,364,276.68,256
15069,179,1,1109.53,70,520,1109.53,179
15070,373,1,106.2,1,36,106.2,373
15071,94,2,982.07,25,269,491.035,276
15073,10,3,1043.41,31,491,347.80333333333334,187
15074,105,1,748.87,41,455,748.87,105
15075,78,1,773.03,27,447,773.03,78
15076,173,1,880.85,49,571,880.85,173
15078,7,32,9743.11,97,5105,304.4721875,369
15079,213,4,895.61,46,389,223.9025,366
15081,22,5,504.8,26,190,100.96000000000001,367
15083,257,1,88.2,5,38,88.2,257
15087,282,1,306.94,15,470,306.94,282
15088,21,2,1160.07,53,460,580.035,67
15089,10,6,2420.84,139,1359,403.47333333333336,128
15090,308,1,381.32,23,208,381.32,308
15091,68,1,480.71,30,346,480.71,68
15092,215,2,457.81,23,135,228.905,284
15093,18,6,4597.02,52,3760,766.1700000000001,372
15095,104,4,1370.6,30,1079,342.65,203
15096,43,1,219.39000000000001,11,120,219.39000000000001,43
15097,4,1,248.08,25,170,248.08,4
15098,182,3,39916.5,1,121,13305.5,182
15099,84,1,410.48,23,343,410.48,84
15100,334,3,876.0,1,80,292.0,374
15101,9,2,317.53,8,241,158.765,359
15103,31,2,703.36,35,329,351.68,86
15104,197,2,1027.44,66,637,513.72,282
15105,18,7,2298.93,90,1211,328.4185714285714,135
15106,18,5,1422.52,90,1181,284.504,269
15107,311,6,319.5,12,169,53.25,372
15108,142,4,1300.25,50,499,325.0625,228
15109,246,1,484.95,28,131,484.95,246
15110,24,4,996.1,17,246,249.025,319
15111,29,3,1567.48,70,710,522.4933333333333,373
15113,10,3,3609.33,77,2386,1203.11,54
15114,30,10,2760.56,136,3096,276.056,302
15115,18,1,340.11,21,157,340.11,18
15116,18,4,1352.75,37,648,338.1875,205
15117,15,5,1551.78,63,1948,310.356,216
15118,134,1,244.8,1,1440,244.8,134
15119,246,1,266.4,14,88,266.4,246
15120,134,1,358.82,21,296,358.82,134
15121,50,2,457.72,28,199,228.86,289
15122,114,3,1633.78,65,800,544.5933333333334,298
15123,7,2,2199.31,93,1195,1099.655,206
15124,23,2,184.19,14,233,92.095,192
15125,25,15,11528.48,102,6193,768.5653333333333,271
15127,66,1,406.53,16,251,406.53,66
15128,60,4,1471.0,74,1343,367.75,220
15129,50,11,3447.4,54,1794,313.40000000000003,292
15130,170,1,330.11,22,197,330.11,170
15132,18,5,977.9300000000001,49,679,195.586,263
15133,128,3,982.42,27,680,327.4733333333333,302
15134,15,8,1387.99,44,887,173.49875,241
15135,239,1,139.05,9,43,139.05,239
15136,3,4,1286.7,61,776,321.675,96
15139,240,2,178.96,13,208,89.48,337
15140,52,7,2354.25,74,1572,336.32142857142856,264
15142,46,1,498.74,26,365,498.74,46
15143,226,1,259.45,14,150,259.45,226
15144,8,17,6580.44,132,3050,387.0847058823529,312
15145,4,4,1194.73,54,756,298.6825,248
15146,165,2,1327.16,90,1473,663.58,291
15147,240,1,623.5,28,366,623.5,240
15148,11,1,301.29,20,187,301.29,11
15149,134,1,520.8000000000001,23,128,520.8000000000001,134
15150,17,10,5314.47,282,3658,531.447,269
15152,10,13,4745.69,196,2704,365.0530769230769,187
15153,31,1,329.25,22,198,329.25,31
15154,75,1,296.42,66,104,296.42,75
15156,1,3,961.49,51,597,320.49666666666667,34
15157,4,3,1936.07,125,2392,645.3566666666667,358
15158,45,1,401.40000000000003,7,198,401.40000000000003,45
15159,2,30,18641.010000000002,363,11441,621.3670000000001,361
15160,357,1,158.16,4,84,158.16,357
15163,18,2,304.47,29,186,152.235,192
15164,69,3,843.05,79,360,281.01666666666665,339
15165,373,1,487.75,27,160,487.75,373
15167,321,1,163.0,39,67,163.0,321
15168,26,1,106.56,5,52,106.56,26
15171,331,1,1289.5,5,290,1289.5,331
15172,9,5,1624.05,106,1611,324.81,237
15174,323,1,135.75,11,145,135.75,323
15175,72,1,224.14,23,454,224.14,72
15178,260,1,40.5,3,30,40.5,260
15179,18,5,2206.95,91,1938,441.39,319
15180,367,1,87.5,6,36,87.5,367
15181,66,3,689.4799999999999,11,544,229.82666666666663,270
15182,154,2,622.85,24,253,311.425,269
15184,29,2,406.76,59,223,203.38,191
15185,70,1,310.62,21,666,310.62,70
15186,14,2,411.41,17,215,205.705,168
15187,2,16,4777.18,61,1887,298.57375,212
15189,1,41,16225.39,80,6149,395.74121951219513,333
15192,120,3,1044.32,36,918,348.1066666666666,365
15193,61,1,499.32,19,144,499.32,61
15194,3,15,7616.53,209,5703,507.76866666666666,368
15195,3,1,3861.0,1,1404,3861.0,3
15197,11,3,1079.6100000000001,30,469,359.87000000000006,358
15198,92,2,193.64,10,120,96.82,124
15199,59,4,1268.7,5,396,317.175,308
15201,87,5,1236.54,35,1210,247.308,247
15203,26,6,1827.8,82,1753,304.6333333333333,312
15204,357,1,316.58,9,258,316.58,357
15205,85,2,653.24,37,378,326.62,127
15206,10,4,420.29999999999995,3,162,105.07499999999999,276
15208,1,5,870.12,25,316,174.024,353
15210,225,1,331.18,20,228,331.18,225
15211,60,2,894.4100000000001,52,240,447.20500000000004,365
15212,241,1,101.8,5,36,101.8,241
15213,319,2,328.35,22,272,164.175,330
15214,2,8,1661.44,109,1254,207.68,243
15215,47,3,734.94,33,225,244.98000000000002,97
15216,88,1,96.6,2,28,96.6,88
15218,11,11,5756.89,77,3329,523.3536363636364,319
15219,176,1,305.75,9,45,305.75,176
15220,52,6,1778.96,110,1393,296.49333333333334,281
15221,366,1,403.25,5,43,403.25,366
15222,319,1,585.0,5,440,585.0,319
15223,226,2,755.75,14,213,377.875,250
15224,358,2,322.08,13,152,161.04,363
15225,234,1,409.40000000000003,23,226,409.40000000000003,234
15226,311,1,154.41,8,71,154.41,311
15227,37,5,1219.4,43,750,243.88000000000002,317
15228,66,4,3386.71,110,2255,846.6775,295
15230,239,2,429.6,23,351,214.8,241
15232,113,2,612.06,26,686,306.03,141
15234,277,1,197.0,14,196,197.0,277
15235,218,12,2247.51,132,1324,187.29250000000002,373
15236,299,1,321.05,15,269,321.05,299
15237,2,4,1412.32,94,1071,353.08,227
15238,29,3,1071.99,49,692,357.33,184
15239,10,2,780.59,48,594,390.295,79
15240,45,5,1706.57,58,1369,341.31399999999996,312
15241,67,8,1756.44,82,1818,219.555,284
15243,74,1,316.68,22,185,316.68,74
15244,65,2,631.57,31,405,315.785,248
15245,134,3,2515.84,55,1784,838.6133333333333,261
15246,238,2,514.15,32,247,257.075,359
15247,122,1,356.0,6,160,356.0,122
15249,32,13,6688.46,211,3577,514.496923076923,257
15251,9,11,10484.99,97,6171,953.180909090909,242
15252,36,2,740.78,44,522,370.39,183
15253,16,5,918.1999999999999,52,866,183.64,170
15254,127,1,300.36,18,275,300.36,127
15255,67,1,890.85,47,489,890.85,67
15256,149,1,98.45,6,55,98.45,149
15257,283,1,317.15,7,46,317.15,283
15258,169,2,623.16,32,142,311.58,217
15260,100,7,1810.77,62,885,258.68142857142857,373
15261,135,1,254.82,19,270,254.82,135
15262,324,1,178.95000000000002,10,73,178.95000000000002,324
15263,107,1,156.51,12,89,156.51,107
15264,64,1,393.74,23,265,393.74,64
15265,151,2,1506.1200000000001,76,612,753.0600000000001,236
15266,338,1,119.3,6,18,119.3,338
15267,22,5,1717.36,8,944,343.472,183
15269,24,1,408.8,2,26,408.8,24
15270,16,7,2379.49,22,1521,339.9271428571428,310
15271,7,15,2507.07,184,1262,167.138,365
15272,57,2,721.94,63,310,360.97,86
15274,4,2,716.57,44,619,358.285,18
15275,38,1,615.14,41,498,615.14,38
15276,66,1,135.31,49,64,135.31,66
15277,47,1,255.89999999999998,12,205,255.89999999999998,47
15279,355,1,290.51,19,189,290.51,355
15280,172,1,113.12,16,154,113.12,172
15281,59,9,2332.15,121,1211,259.1277777777778,333
15286,50,1,240.55,3,55,240.55,50
15287,22,2,486.69,17,433,243.345,71
15288,43,5,2306.52,80,775,461.304,365
15289,29,3,939.78,43,1008,313.26,250
15290,5,18,7943.22,93,4501,441.29,359
15291,26,15,4668.3,62,2103,311.22,374
15292,201,1,180.94,24,56,180.94,201
15296,51,6,3672.86,137,1766,612.1433333333333,327
15297,10,3,641.94,30,292,213.98000000000002,64
15298,2,12,4799.9,115,3116,399.9916666666666,366
15299,67,7,4507.01,7,2948,643.8585714285715,372
15300,64,1,496.44,28,292,496.44,64
15301,51,12,5070.35,167,2775,422.5291666666667,369
15303,290,1,574.02,31,248,574.02,290
15304,61,8,694.4000000000001,8,104,86.80000000000001,369
15306,64,3,1174.35,57,810,391.45,148
15307,96,1,205.3,12,37,205.3,96
15308,274,1,310.47,19,175,310.47,274
15311,1,91,60767.9,567,38194,667.7791208791209,374
15312,75,4,924.85,42,516,231.2125,354
15313,110,1,52.0,1,25,52.0,110
15314,199,1,327.97,24,313,327.97,199
15315,64,2,570.5,35,862,285.25,116
15316,327,1,165.0,1,100,165.0,327
15318,4,1,312.62,33,642,312.62,4
15319,284,1,204.5,16,175,204.5,284
15320,44,1,267.13,36,326,267.13,44
15321,71,3,2748.31,83,1181,916.1033333333334,292
15322,86,1,679.68,42,416,679.68,86
15325,104,1,162.29,47,232,162.29,104
15326,334,1,311.71,29,386,311.71,334
15327,53,1,208.75,10,116,208.75,53
15329,39,3,1049.7,51,486,349.90000000000003,172
15330,32,2,714.96,10,1312,357.48,61
15332,366,4,1661.06,29,652,415.265,370
15333,208,1,1028.56,16,344,1028.56,208
15334,157,3,351.67,67,274,117.22333333333334,173
15335,54,1,173.97,34,80,173.97,54
15339,66,2,574.07,77,416,287.035,318
15341,81,1,2020.52,17,812,2020.52,81
15342,130,1,406.09,24,283,406.09,130
15343,87,1,364.5,21,84,364.5,87
15344,1,3,563.94,21,116,187.98000000000002,74
15345,46,1,393.54,20,81,393.54,46
15346,333,1,252.42000000000002,17,144,252.42000000000002,333
15347,366,1,201.60000000000002,5,130,201.60000000000002,366
15348,72,1,158.04,9,84,158.04,72
15349,158,2,473.81,65,327,236.905,187
15350,373,1,115.65,5,51,115.65,373
15351,12,7,1960.1100000000001,157,753,280.0157142857143,370
15353,255,2,777.02,59,343,388.51,368
15355,29,2,277.05,9,45,138.525,53
15356,31,10,2766.5,215,1673,276.65,368
15358,5,22,8347.2,292,7050,379.41818181818184,366
15360,40,1,427.93,13,223,427.93,40
15361,362,1,418.92,7,336,418.92,362
15363,373,1,326.0,16,144,326.0,373
15364,96,2,913.19,29,493,456.595,254
15365,26,7,2314.32,65,1084,330.6171428571429,315
15366,75,2,602.51,37,621,301.255,358
15367,57,4,1877.59,91,1057,469.3975,275
15368,21,1,446.94000000000005,4,230,446.94000000000005,21
15370,41,7,2386.05,65,830,340.86428571428576,333
15372,137,1,2007.3999999999999,27,2924,2007.3999999999999,137
15373,8,12,2415.91,74,500,201.32583333333332,371
15374,129,1,168.0,3,126,168.0,129
15376,40,3,1233.3600000000001,100,619,411.12000000000006,222
15379,169,7,3703.29,145,2305,529.0414285714286,358
15380,9,5,1690.2600000000002,22,376,338.052,365
15381,214,2,596.85,8,171,298.425,268
15382,15,6,5955.71,193,4012,992.6183333333333,296
15384,170,2,642.41,34,596,321.205,360
15385,40,1,316.88,12,161,316.88,40
15386,186,1,394.14,31,446,394.14,186
15388,270,1,140.54,10,88,140.54,270
15389,172,1,500.0,1,400,500.0,172
15392,5,4,1535.53,74,1277,383.8825,360
15393,16,2,231.86,10,150,115.93,281
15394,10,4,2183.54,54,910,545.885,359
15395,326,1,107.45,7,17,107.45,326
15396,113,1,288.18,14,122,288.18,113
15397,290,1,94.0,6,20,94.0,290
15398,16,2,1345.53,60,769,672.765,78
15399,1,3,815.77,45,611,271.92333333333335,79
15400,92,5,716.2,10,390,143.24,279
15402,149,2,626.77,35,694,313.385,196
15405,189,1,349.1,8,193,349.1,189
15406,31,2,510.71000000000004,51,254,255.35500000000002,301
15407,34,4,1056.44,142,558,264.11,305
15408,264,1,267.18,34,106,267.18,264
15410,84,8,3450.84,48,1200,431.355,262
15411,26,4,1358.88,86,530,339.72,183
15412,171,1,190.53,10,108,190.53,171
15414,10,3,774.9000000000001,37,443,258.3,242
15415,313,1,572.8100000000001,46,575,572.8100000000001,313
15416,65,4,3984.32,165,2090,996.08,283
15417,85,1,508.8,28,284,508.8,85
15419,25,1,135.86,8,230,135.86,25
15421,59,4,950.36,40,500,237.59,310
15422,323,2,97.7,6,38,48.85,323
15423,38,1,43.5,2,101,43.5,38
15424,254,2,383.34,17,554,191.67,254
15426,19,5,1447.39,217,674,289.478,369
15427,33,3,1483.14,233,1013,494.38000000000005,47
15428,15,1,93.78,6,102,93.78,15
15429,27,2,397.35,77,380,198.675,75
15432,23,1,171.19,10,65,171.19,23
15433,214,2,533.3,40,534,266.65,267
15434,8,5,1041.48,40,647,208.296,200
15435,22,1,149.29,29,54,149.29,22
15436,12,3,1122.53,243,613,374.1766666666667,234
15437,262,1,200.16,44,79,200.16,262
15438,131,1,156.57999999999998,25,59,156.57999999999998,131
15440,55,3,383.68,50,197,127.89333333333333,209
15442,249,1,594.0,2,120,594.0,249
15443,2,7,3236.91,237,1663,462.4157142857143,320
15444,9,2,1418.26,191,764,709.13,40
15445,264,1,113.5,5,58,113.5,264
15447,331,1,155.17,9,85,155.17,331
15448,313,1,494.64,28,232,494.64,313
15449,26,3,974.52,47,812,324.84,262
15450,30,1,429.84,30,376,429.84,30
15452,30,3,538.73,47,283,179.57666666666668,264
15453,2,7,1388.37,169,845,198.3385714285714,188
15454,362,1,179.1,23,86,179.1,362
15456,283,3,447.22,48,660,149.07333333333335,359
15457,262,1,237.07,56,132,237.07,262
15458,25,1,161.64,7,156,161.64,25
15460,354,1,216.76,53,109,216.76,354
15462,94,3,234.6,9,172,78.2,187
15463,29,1,126.14,7,106,126.14,29
15464,338,1,1048.85,155,350,1048.85,338
15465,20,18,7354.62,43,1257,408.59,370
15466,85,1,334.53,56,246,334.53,85
15467,9,3,524.88,41,310,174.96,152
15468,51,2,467.51,24,155,233.755,51
15469,50,2,538.55,24,153,269.275,120
15471,2,1,469.48,67,266,469.48,2
15472,113,1,371.56,76,251,371.56,113
15473,14,7,1771.2,4,672,253.02857142857144,61
15475,77,1,454.10999999999996,29,319,454.10999999999996,77
15478,40,2,1441.42,34,585,720.71,57
15480,116,1,905.5,45,303,905.5,116
15482,16,12,11054.96,46,5020,921.2466666666666,359
15483,161,4,233.81,74,295,58.4525,267
15484,1,4,3594.31,135,3152,898.5775,78
15485,30,3,2575.0,59,1306,858.3333333333334,373
15488,93,1,91.32000000000001,2,73,91.32000000000001,93
15489,23,3,1134.28,47,608,378.0933333333333,211
15491,95,6,3100.09,108,1646,516.6816666666667,236
15492,28,2,659.4599999999999,32,483,329.72999999999996,74
15493,33,5,2001.8,177,560,400.36,271
15494,21,2,1299.23,120,1148,649.615,121
15497,18,2,1262.2,13,624,631.1,320
15498,3,27,13316.4,360,6105,493.2,367
15500,8,4,1131.56,64,572,282.89,81
15502,16,12,10384.93,164,4236,865.4108333333334,369
15503,363,1,147.09,66,74,147.09,363
15504,81,1,52.83,13,33,52.83,81
15505,53,5,3610.96,90,2390,722.192,155
15506,23,3,979.26,121,848,326.42,139
15507,172,1,492.36,41,162,492.36,172
15508,189,6,1000.27,78,440,166.71166666666667,235
15510,331,1,250.0,1,2,250.0,331
15511,12,5,909.23,117,271,181.846,85
15512,156,2,121.0,7,68,60.5,360
15513,33,19,14758.220000000001,183,5709,776.7484210526317,374
15514,12,11,4139.46,96,2160,376.31454545454545,364
15516,45,3,62.43,15,27,20.81,47
15517,233,1,267.03,27,293,267.03,233
15518,64,8,1942.45,135,1273,242.80625,332
15520,2,1,343.5,18,314,343.5,2
15521,40,8,3000.2,116,1836,375.025,255
15522,33,2,398.84,47,573,199.42,88
15523,84,1,412.01000000000005,10,132,412.01000000000005,84
15524,25,1,440.0,1,4,440.0,25
15525,2,3,825.92,133,416,275.3066666666667,373
15526,33,2,148.44,4,24,74.22,33
15527,19,8,2429.78,127,992,303.7225,354
15528,254,1,229.33,26,123,229.33,254
15529,23,11,3995.23,415,3496,363.20272727272726,367
15530,22,4,1502.35,90,950,375.5875,247
15531,8,2,2007.44,196,1105,1003.72,30
15532,25,4,1580.93,205,521,395.2325,358
15533,19,3,807.57,73,289,269.19,89
15535,173,4,536.4,55,143,134.1,328
15537,163,1,110.92,24,29,110.92,163
15539,7,1,538.46,41,410,538.46,7
15540,11,1,213.3,15,200,213.3,11
15541,114,1,85.13000000000001,29,49,85.13000000000001,114
15543,288,1,127.86,26,86,127.86,288
15544,9,9,3546.71,122,3109,394.0788888888889,373
15545,54,2,292.71999999999997,78,163,146.35999999999999,371
15547,7,14,4954.84,441,4032,353.9171428571429,362
15549,77,3,1693.26,104,698,564.42,316
15550,4,4,575.63,43,295,143.9075,302
15551,37,1,436.06,29,218,436.06,37
15552,217,1,90.12,17,60,90.12,217
15553,60,1,437.23,51,451,437.23,60
15554,278,1,217.2,14,74,217.2,278
15555,12,16,4805.17,401,4439,300.323125,369
15556,24,1,279.77,31,236,279.77,24
15557,29,1,473.65000000000003,16,219,473.65000000000003,29
15561,12,4,800.59,27,267,200.1475,216
15562,352,1,134.55,1,39,134.55,352
15563,22,4,1400.44,88,1501,350.11,359
15565,50,2,173.16,8,60,86.58,71
15567,19,1,186.01,7,223,186.01,19
15568,3,3,758.29,27,461,252.76333333333332,73
15569,104,5,1375.71,27,666,275.142,332
15570,7,12,4165.52,231,2067,347.1266666666667,369
15571,12,4,650.4300000000001,47,264,162.60750000000002,78
15572,5,7,2552.86,166,1229,364.69428571428574,278
15573,32,2,607.45,88,363,303.725,86
15574,178,4,702.25,131,349,175.5625,372
15576,38,1,940.6700000000001,43,404,940.6700000000001,38
15577,151,3,258.88,39,89,86.29333333333334,305
15578,162,1,127.1,13,52,127.1,162
15579,69,2,348.6,45,120,174.3,314
15581,121,13,3679.9700000000003,134,286,283.0746153846154,366
15582,25,3,682.9100000000001,39,453,227.63666666666668,220
15584,24,4,725.11,89,314,181.2775,162
15585,177,1,455.3,31,320,455.3,177
15587,50,4,913.6800000000001,3,312,228.42000000000002,352
15589,256,3,478.53000000000003,28,243,159.51000000000002,311
15592,47,1,388.58,24,354,388.58,47
15593,71,1,199.8,5,60,199.8,71
15594,16,5,1771.78,85,983,354.356,235
15596,101,5,1406.59,51,561,281.318,365
15597,35,1,324.57,22,279,324.57,35
15598,53,1,240.68,14,160,240.68,53
15599,27,2,761.74,50,718,380.87,204
15601,11,14,6776.56,230,4983,484.04,373
15602,8,9,1297.8700000000001,30,1137,144.20777777777778,368
15603,79,1,48.480000000000004,2,96,48.480000000000004,79
15604,52,1,216.39,17,159,216.39,52
15605,36,5,1198.23,61,441,239.64600000000002,373
15606,61,9,2920.16,48,892,324.4622222222222,325
15607,337,1,104.76,13,202,104.76,337
15608,28,4,1093.68,59,714,273.42,121
15609,184,1,298.48,16,148,298.48,184
15610,52,1,112.46000000000001,6,66,112.46000000000001,52
15611,10,13,1591.45,23,504,122.41923076923078,335
15612,36,2,195.15,4,52,97.575,62
15615,10,23,10399.74,184,5508,452.1626086956522,359
15618,33,4,776.851,39,454,194.21275,137
15619,11,1,336.40000000000003,3,136,336.40000000000003,11
15620,57,3,1553.18,92,915,517.7266666666667,358
15621,4,4,1293.03,11,501,323.2575,22
15622,43,9,3709.56,169,1674,412.17333333333335,282
15623,141,1,301.03,19,125,301.03,141
15624,117,4,588.13,26,357,147.0325,256
15625,104,4,1534.26,44,1188,383.565,235
15626,75,2,675.8,49,766,337.9,330
15628,5,9,2870.2400000000002,85,1894,318.91555555555556,367
15630,45,2,1186.35,57,800,593.175,205
15632,16,8,3285.31,107,2109,410.66375,275
15634,17,1,243.55,15,99,243.55,17
15636,90,2,724.76,20,284,362.38,282
15637,53,1,223.36,15,128,223.36,53
15639,134,1,425.32,25,323,425.32,134
15640,4,15,12515.66,240,6607,834.3773333333334,372
15641,105,4,1887.2,102,1562,471.8,359
15643,192,3,664.0,31,246,221.33333333333334,282
15644,166,4,813.0,166,557,203.25,261
15645,19,1,612.01,50,256,612.01,19
15646,158,3,447.64000000000004,35,394,149.21333333333334,372
15648,204,2,657.35,23,221,328.675,267
15649,336,2,816.0,1,192,408.0,368
15651,37,3,646.3,27,479,215.4333333333333,261
15652,91,1,337.74,21,208,337.74,91
15653,93,2,877.4399999999999,4,1200,438.71999999999997,116
15654,9,2,922.53,15,475,461.265,26
15655,243,1,560.67,34,324,560.67,243
15656,45,4,748.5,46,343,187.125,284
15657,23,1,30.0,1,24,30.0,23
15658,190,5,1024.1000000000001,40,242,204.82000000000002,373
15659,44,1,306.45,11,111,306.45,44
15660,25,9,1600.86,55,1050,177.87333333333333,366
15661,317,2,309.8,4,236,154.9,339
15663,106,1,138.14,9,106,138.14,106
15664,51,1,386.43,17,157,386.43,51
15665,168,2,2242.01,92,1666,1121.005,243
15667,40,1,301.32,13,240,301.32,40
15668,218,1,76.32000000000001,1,72,76.32000000000001,218
15669,40,4,684.34,31,342,171.085,264
15670,297,1,173.05,12,91,173.05,297
15671,19,7,2657.13,52,1699,379.59000000000003,271
15673,88,4,2881.02,107,1514,720.255,327
15674,73,5,2446.6,88,1275,489.32,255
15675,81,3,323.69,20,527,107.89666666666666,280
15676,19,3,3435.76,191,2252,1145.2533333333333,284
15677,49,1,657.23,33,319,657.23,49
15678,53,1,352.7,12,184,352.7,53
15679,24,4,781.28,98,1170,195.32,183
15680,9,3,1333.68,61,952,444.56,366
15681,25,5,1426.16,32,816,285.232,280
15683,117,1,193.75,10,131,193.75,117
15687,9,9,2993.1,119,1310,332.56666666666666,330
15689,120,2,254.1,8,84,127.05,362
15690,4,2,239.76,19,408,119.88,101
15691,252,1,136.8,2,72,136.8,252
15692,28,1,191.04,12,138,191.04,28
15694,1,14,6479.4,42,1677,462.8142857142857,373
15695,267,2,409.98,22,212,204.99,267
15696,33,8,2736.46,140,1028,342.0575,327
15699,18,1,309.65,18,113,309.65,18
15700,172,2,696.68,85,357,348.34,173
15701,2,4,1542.14,193,923,385.535,111
15703,265,1,211.5,5,66,211.5,265
15704,140,4,2293.62,79,1028,573.405,216
15705,201,1,143.1,6,62,143.1,201
15706,64,4,1060.56,50,321,265.14,116
15707,35,4,945.58,126,605,236.395,86
15708,41,7,3364.2400000000002,124,1267,480.6057142857143,370
15709,284,1,133.25,6,121,133.25,284
15712,9,5,1072.3600000000001,41,486,214.47200000000004,288
15713,143,2,356.7,18,150,178.35,366
15714,12,2,330.88,34,187,165.44,78
15716,146,4,1118.81,101,744,279.7025,370
15717,234,1,150.3,7,70,150.3,234
15719,33,13,5045.61,299,2725,388.1238461538461,338
15720,24,1,598.73,128,281,598.73,24
15721,12,1,507.08,80,409,507.08,12
15722,36,5,2222.56,45,1026,444.512,291
15723,365,1,203.1,37,87,203.1,365
15724,201,2,218.25,11,73,109.125,285
15725,15,1,415.25,32,221,415.25,15
15727,17,7,5178.96,213,3065,739.8514285714285,359
15729,213,1,85.0,5,28,85.0,213
15730,66,3,1120.88,68,689,373.6266666666667,207
15732,212,2,294.12,13,215,147.06,372
15733,283,1,162.3,10,62,162.3,283
15734,115,2,1339.45,25,346,669.725,200
15737,15,8,1205.1200000000001,60,599,150.64000000000001,243
15738,19,16,4812.42,46,2982,300.77625,373
15739,66,1,449.12,8,472,449.12,66
15740,49,1,154.88,9,152,154.88,49
15743,16,4,784.46,59,216,196.115,185
15744,78,1,34.8,3,120,34.8,78
15745,19,4,1094.59,57,421,273.6475,236
15746,134,1,196.88,28,178,196.88,134
15747,13,3,974.04,52,480,324.68,173
15748,40,1,149.31,19,51,149.31,40
15749,235,3,44534.3,5,18028,14844.766666666668,332
15750,3,8,2465.48,214,1786,308.185,367
15752,40,7,2637.38,236,1978,376.7685714285714,373
15753,305,1,79.2,1,144,79.2,305
15754,51,3,458.57,24,199,152.85666666666665,247
15755,10,6,2364.25,127,1427,394.0416666666667,295
15756,61,4,532.96,160,242,133.24,249
15757,66,2,714.42,43,491,357.21,218
15758,25,1,205.25,9,47,205.25,25
15759,218,3,253.04,5,60,84.34666666666666,358
15762,65,2,583.75,37,251,291.875,77
15763,32,2,1086.92,58,271,543.46,78
15764,88,6,3279.97,150,2050,546.6616666666666,277
15766,64,1,315.06,11,170,315.06,64
15768,116,3,621.8299999999999,23,244,207.27666666666664,226
15769,7,26,56252.72,26,29672,2163.566153846154,371
15773,6,1,635.6800000000001,10,311,635.6800000000001,6
15774,69,1,270.8,25,87,270.8,69
15775,245,1,104.9,7,68,104.9,245
15776,133,1,241.62,18,138,241.62,133
15777,241,4,1047.11,18,378,261.7775,361
15780,184,3,475.28000000000003,26,220,158.42666666666668,358
15781,25,3,345.46,20,180,115.15333333333332,306
15782,10,3,2614.7400000000002,34,864,871.58,89
15783,11,1,246.3,14,212,246.3,11
15785,33,5,2328.9700000000003,58,1612,465.79400000000004,295
15786,46,3,4932.2,257,3364,1644.0666666666666,114
15787,26,3,948.05,156,540,316.01666666666665,61
15789,358,1,351.3,25,438,351.3,358
15790,10,1,220.85,34,114,220.85,10
15791,44,2,1612.69,66,731,806.345,204
15793,15,3,965.61,6,553,321.87,269
15795,150,1,610.01,42,581,610.01,150
15796,1,8,2711.56,70,861,338.945,302
15797,113,4,2207.4,8,873,551.85,319
15799,76,3,884.14,94,955,294.7133333333333,334
15800,107,2,699.08,116,335,349.54,247
15801,46,3,1063.95,61,570,354.65000000000003,110
15802,143,1,451.42,1,1,451.42,143
15803,51,1,415.82000000000005,8,290,415.82000000000005,51
15804,1,13,4206.39,170,2565,323.5684615384616,199
15805,23,17,5528.4800000000005,220,3387,325.204705882353,365
15806,46,3,784.58,24,602,261.5266666666667,277
15807,50,3,903.9,48,430,301.3,77
15808,306,4,3734.9700000000003,142,1343,933.7425000000001,369
15809,36,5,515.77,31,301,103.154,303
15810,79,4,1391.98,66,861,347.995,297
15811,22,6,2218.62,117,1071,369.77,365
15812,107,5,1801.14,36,922,360.228,318
15813,208,2,1303.9099999999999,40,603,651.9549999999999,240
15814,17,4,1945.33,63,1271,486.3325,51
15815,64,5,2100.6,33,1856,420.12,260
15819,49,4,1905.45,96,1357,476.3625,277
15820,320,1,206.98,17,128,206.98,320
15821,44,2,570.96,57,202,285.48,61
15822,3,2,885.47,28,375,442.735,359
15823,372,1,15.0,1,1,15.0,372
15825,172,1,532.94,20,220,532.94,172
15826,56,3,1654.31,64,963,551.4366666666666,211
15827,73,14,1836.0900000000001,72,882,131.14928571428572,372
15829,99,2,636.14,44,996,318.07,141
15830,38,1,576.0,39,415,576.0,38
15831,58,3,801.76,63,1105,267.25333333333333,324
15832,254,1,836.79,54,465,836.79,254
15834,70,4,2233.75,242,965,558.4375,277
15835,44,4,954.09,47,439,238.5225,331
15836,50,1,137.37,10,26,137.37,50
15837,65,1,391.98,24,189,391.98,65
15838,11,19,33643.08,54,18368,1770.6884210526316,368
15839,33,3,1048.49,56,675,349.49666666666667,148
15840,59,2,355.56,26,396,177.78,173
15841,73,4,1224.06,36,942,306.015,339
15843,304,1,118.95000000000002,8,27,118.95000000000002,304
15844,46,1,130.73999999999998,11,134,130.73999999999998,46
15845,18,8,3711.77,97,1926,463.97125,337
15847,38,2,389.27,22,449,194.635,288
15850,19,2,238.85,87,302,119.425,168
15852,187,2,160.71,22,48,80.355,197
15853,52,1,110.8,29,135,110.8,52
15854,4,12,2974.65,105,939,247.88750000000002,362
15855,137,5,712.24,59,470,142.448,264
15856,4,27,16387.57,295,11005,606.947037037037,365
15857,19,1,297.0,14,308,297.0,19
15858,16,5,1438.85,145,1167,287.77,367
15860,41,8,977.21,105,440,122.15125,369
15861,12,8,3165.36,339,2544,395.67,267
15862,8,4,832.88,142,585,208.22,374
15863,26,2,68.84,18,19,34.42,193
15864,22,6,1936.3200000000002,16,1192,322.72,316
15865,41,3,895.13,37,368,298.37666666666667,214
15866,101,1,230.53,43,126,230.53,101
15867,5,15,3812.64,302,2054,254.176,369
15869,277,2,149.64,13,175,74.82,277
15870,33,1,354.09000000000003,68,335,354.09000000000003,33
15872,15,2,360.93,101,212,180.465,15
15874,64,7,4405.88,110,2534,629.4114285714286,284
15877,2,2,493.28,122,371,246.64,18
15880,369,1,343.28000000000003,95,211,343.28000000000003,369
15881,312,5,501.39000000000004,26,260,100.278,364
15882,199,4,516.36,23,276,129.09,368
15883,2,2,396.48,42,223,198.24,33
15885,93,3,379.35,18,111,126.45,309
15886,60,1,181.09,12,147,181.09,60
15888,81,1,168.31,11,76,168.31,81
15889,157,2,446.87,79,215,223.435,369
15891,227,1,524.52,60,442,524.52,227
15894,253,2,263.55,35,168,131.775,369
15895,150,1,179.17,11,94,179.17,150
15897,194,2,222.05,17,261,111.025,194
15898,1,5,1388.88,70,570,277.776,369
15899,369,1,56.25,4,39,56.25,369
15900,24,1,351.11,44,221,351.11,24
15901,17,3,363.88,102,384,121.29333333333334,155
15903,10,7,5126.76,46,2410,732.3942857142857,295
15904,8,1,164.68,30,84,164.68,8
15906,20,7,1567.69,113,544,223.9557142857143,255
15907,4,3,967.45,175,509,322.48333333333335,210
15909,174,1,191.94,7,98,191.94,174
15910,1,8,1232.18,215,1015,154.0225,317
15912,178,2,264.62,19,185,132.31,233
15916,16,8,1528.09,124,757,191.01125,366
15917,248,1,123.1,12,42,123.1,248
15918,191,2,334.23,33,153,167.115,271
15919,20,2,639.89,103,545,319.945,369
15920,154,4,167.5,53,99,41.875,154
15921,173,1,336.03000000000003,24,166,336.03000000000003,173
15922,373,1,369.5,11,138,369.5,373
15923,373,1,127.08,21,122,127.08,373
15925,194,1,207.15,12,93,207.15,194
15930,67,1,426.63,21,139,426.63,67
15932,4,8,2495.87,93,2325,311.98375,289
15933,21,3,1107.46,63,885,369.15333333333336,87
15935,239,2,416.86,12,115,208.43,242
15937,64,1,145.35,7,73,145.35,64
15938,112,5,404.58,13,240,80.916,324
15939,90,15,6115.01,28,4728,407.6673333333334,332
15940,311,1,35.8,1,4,35.8,311
15942,134,1,337.44,14,232,337.44,134
15944,277,1,325.1,6,50,325.1,277
15945,365,1,181.0,2,52,181.0,365
15947,83,1,1708.24,29,898,1708.24,83
15948,8,2,955.24,51,567,477.62,44
15949,17,2,364.72,12,284,182.36,71
15950,32,4,1765.51,86,729,441.3775,360
15951,9,2,708.22,36,313,354.11,286
15952,34,4,806.57,65,399,201.6425,225
15953,15,8,1659.3799999999999,63,892,207.42249999999999,369
15955,24,14,4416.26,137,2135,315.44714285714286,373
15957,32,1,428.89,40,211,428.89,32
15958,74,1,104.35,7,33,104.35,74
15963,20,2,470.76,26,298,235.38,45
15965,17,4,845.64,88,453,211.41,367
15967,23,2,418.83,73,211,209.415,319
15969,3,3,666.1,20,124,222.03333333333333,186
15970,304,1,314.1,11,116,314.1,304
15971,18,12,4199.85,10,1717,349.9875,311
15973,367,1,307.82000000000005,4,106,307.82000000000005,367
15974,39,7,3442.15,141,2262,491.7357142857143,289
15975,84,1,371.01,24,243,371.01,84
15976,165,2,430.94,83,277,215.47,220
15977,17,2,1054.73,48,1016,527.365,39
15978,77,1,1098.78,49,888,1098.78,77
15980,89,3,2398.86,40,1560,799.62,254
15981,25,8,3408.48,53,1866,426.06,311
15983,22,4,1475.02,82,892,368.755,374
15984,3,10,2837.67,217,1843,283.767,368
15985,123,2,1142.42,29,1086,571.21,237
15986,30,1,168.12,14,268,168.12,30
15987,12,7,1451.28,110,1556,207.32571428571427,369
15988,19,1,158.03,26,181,158.03,19
15990,44,2,792.11,52,443,396.055,287
15992,4,1,41.989999999999995,3,17,41.989999999999995,4
15993,9,7,2797.57,335,2051,399.65285714285716,44
15994,55,1,427.07,31,177,427.07,55
15996,88,6,1060.68,103,384,176.78,366
15998,37,5,3089.97,370,2041,617.9939999999999,362
16000,3,3,12393.7,9,5110,4131.233333333334,3
16003,30,5,2735.37,82,1185,547.074,360
16005,12,4,615.39,173,300,153.8475,271
16006,211,1,101.4,8,84,101.4,211
16007,48,4,1701.94,221,1393,425.485,215
16008,24,3,478.78,29,323,159.59333333333333,205
16009,22,4,992.71,68,378,248.1775,160
16010,246,3,407.5,62,210,135.83333333333334,363
16011,8,16,3362.71,99,2042,210.169375,366
16012,35,3,1415.29,87,799,471.7633333333333,155
16013,4,47,37130.6,30,15536,790.0127659574467,371
16014,38,3,662.38,123,265,220.79333333333332,291
16015,4,3,705.39,146,909,235.13,49
16016,3,8,1508.76,156,620,188.595,367
16017,47,1,211.88,26,102,211.88,47
16018,39,2,408.90000000000003,26,190,204.45000000000002,180
16019,47,9,3786.2400000000002,133,1733,420.6933333333334,365
16020,17,3,851.01,42,487,283.67,65
16022,260,1,628.28,68,261,628.28,260
16023,46,3,719.81,90,358,239.93666666666664,266
16024,12,1,251.24,61,398,251.24,12
16025,30,1,439.65999999999997,28,338,439.65999999999997,30
16026,43,1,236.09,30,243,236.09,43
16027,92,6,934.62,11,1147,155.77,303
16029,39,63,81024.84,44,40208,1286.1085714285714,374
16030,310,1,331.24,28,283,331.24,310
16031,92,2,548.94,91,423,274.47,247
16033,6,20,8816.4,538,3539,440.82,370
16034,196,3,437.7,18,242,145.9,333
16036,87,2,758.92,55,716,379.46,263
16037,270,3,855.02,37,428,285.00666666666666,359
16038,8,3,471.78000000000003,24,244,157.26000000000002,202
16040,65,3,1313.55,57,684,437.84999999999997,269
16041,31,3,3166.4,6,1584,1055.4666666666667,141
16042,22,5,1197.27,68,755,239.454,332
16043,38,4,773.99,30,503,193.4975,318
16045,120,4,1340.7,71,897,335.175,290
16048,373,2,256.44,8,144,128.22,373
16049,40,3,1111.79,248,793,370.59666666666664,75
16050,174,1,137.9,10,278,137.9,174
16052,54,1,362.06,34,282,362.06,54
16053,33,2,1511.95,81,1793,755.975,122
16054,145,1,783.9,70,380,783.9,145
16055,221,1,134.8,8,22,134.8,221
16056,45,1,664.85,66,347,664.85,45
16057,16,7,2263.12,109,863,323.30285714285714,285
16059,66,6,1459.8600000000001,126,643,243.31000000000003,368
16062,10,4,1153.62,50,800,288.405,365
16063,260,1,335.32,23,262,335.32,260
16065,365,1,372.09,71,231,372.09,365
16066,17,5,1521.87,77,936,304.37399999999997,124
16070,22,2,852.15,32,457,426.075,32
16071,45,1,326.24,21,180,326.24,45
16072,288,1,584.3199999999999,23,140,584.3199999999999,288
16073,297,1,122.39999999999999,1,48,122.39999999999999,297
16076,3,10,2234.73,71,1435,223.473,209
16078,284,1,79.2,1,16,79.2,284
16079,17,3,1352.0,18,864,450.6666666666667,40
16080,82,2,217.16,10,128,108.58,274
16081,56,5,2806.9,175,1477,561.38,367
16083,101,2,1317.62,31,908,658.81,361
16084,299,1,436.18,38,216,436.18,299
16085,23,5,981.51,123,636,196.302,321
16086,59,5,1121.39,24,511,224.27800000000002,367
16091,155,2,315.06,16,154,157.53,199
16092,115,3,817.86,37,628,272.62,254
16093,107,1,17.0,1,20,17.0,107
16094,12,4,1078.23,48,647,269.5575,219
16096,264,1,320.62,12,155,320.62,264
16097,240,1,185.04999999999998,10,87,185.04999999999998,240
16098,88,7,2005.63,34,613,286.5185714285714,374
16099,50,3,731.9,29,434,243.96666666666667,226
16101,71,1,1290.7,76,757,1290.7,71
16102,42,3,1842.14,41,942,614.0466666666667,129
16103,7,6,1429.64,30,558,238.27333333333334,234
16104,62,1,302.36,28,123,302.36,62
16105,249,1,336.96,13,330,336.96,249
16106,66,1,108.38,6,74,108.38,66
16107,18,7,3204.1600000000003,16,1176,457.7371428571429,183
16108,85,1,842.5,48,615,842.5,85
16109,219,2,611.88,18,612,305.94,309
16110,45,3,1337.48,283,733,445.82666666666665,311
16112,143,4,195.73999999999998,15,574,48.934999999999995,339
16113,183,1,161.38,30,176,161.38,183
16114,171,1,135.75000000000003,8,43,135.75000000000003,171
16115,10,8,1667.97,169,1001,208.49625,293
16116,212,1,612.78,34,248,612.78,212
16117,190,1,232.21,30,130,232.21,190
16119,8,2,423.36,14,240,211.68,73
16120,59,4,1309.14,26,878,327.285,59
16121,57,2,867.11,170,586,433.555,216
16122,73,4,684.4200000000001,26,1128,171.10500000000002,367
16123,52,1,307.78,16,170,307.78,52
16124,317,1,249.0,11,48,249.0,317
16125,367,1,289.35,13,124,289.35,367
16126,29,4,6287.77,57,2125,1571.9425,297
16127,39,1,656.25,40,323,656.25,39
16128,18,5,1880.22,76,988,376.044,283
16131,52,6,3506.54,55,1802,584.4233333333333,240
16133,4,33,14589.04,219,8887,442.09212121212124,318
16134,22,2,618.09,34,371,309.045,359
16135,263,1,517.55,21,209,517.55,263
16136,60,3,709.38,35,440,236.46,278
16139,19,3,635.41,25,330,211.8033333333333,207
16140,66,2,725.18,32,730,362.59,371
16141,88,1,620.4,30,238,620.4,88
16142,250,1,535.34,37,422,535.34,250
16143,3,6,2424.94,75,919,404.1566666666667,369
16144,247,1,175.2,1,16,175.2,247
16145,9,11,3799.4900000000002,134,3123,345.40818181818184,360
16146,157,3,734.13,26,427,244.71,232
16147,134,1,375.0,22,246,375.0,134
16148,296,1,76.32000000000001,1,72,76.32000000000001,296
16149,5,2,280.52,18,308,140.26,142
16150,43,5,2053.02,91,1047,410.604,372
16152,269,1,1829.04,29,642,1829.04,269
16153,50,5,1824.23,78,1073,364.846,355
16156,9,9,3122.04,108,1308,346.8933333333333,311
16157,16,3,656.69,12,347,218.89666666666668,73
16159,282,1,348.2,14,236,348.2,282
16160,65,2,1025.44,20,1162,512.72,86
16161,2,19,5575.56,286,2599,293.4505263157895,369
16162,252,1,37.4,2,4,37.4,252
16163,232,2,856.6,5,192,428.3,365
16164,17,3,822.48,27,433,274.16,43
16168,11,27,3787.6,57,1892,140.28148148148148,370
16169,8,4,1822.97,71,1325,455.7425,76
16170,51,6,1885.05,106,1770,314.175,248
16171,59,1,73.2,3,24,73.2,59
16172,95,5,1140.21,52,787,228.042,242
16173,16,6,1418.32,70,575,236.38666666666666,98
16174,126,3,1009.5500000000001,19,651,336.5166666666667,152
16175,94,4,1037.59,45,533,259.3975,240
16177,50,1,331.95,15,95,331.95,50
16178,138,1,197.9,8,94,197.9,138
16179,61,1,215.83,11,99,215.83,61
16180,100,8,10254.18,90,5867,1281.7725,253
16181,73,1,305.54,11,152,305.54,73
16182,72,4,6617.65,17,3791,1654.4125,295
16183,67,1,338.71000000000004,15,113,338.71000000000004,67
16184,64,6,1158.79,26,561,193.13166666666666,211
16185,17,2,529.41,31,260,264.705,233
16186,23,12,4006.94,87,3020,333.9116666666667,372
16187,32,15,6911.4400000000005,160,5048,460.7626666666667,284
16188,45,4,981.86,65,782,245.465,243
16189,16,2,215.48,9,134,107.74,85
16190,40,1,215.08,6,88,215.08,40
16191,3,13,5180.52,65,3351,398.5015384615385,361
16193,237,1,314.45,19,219,314.45,237
16198,75,1,400.68100000000004,15,129,400.68100000000004,75
16200,4,2,1080.6200000000001,149,523,540.3100000000001,164
16201,3,4,1863.47,74,1286,465.8675,110
16202,361,1,365.27,18,191,365.27,361
16203,59,4,592.9,27,262,148.225,372
16204,23,1,405.71,45,231,405.71,23
16205,31,4,761.38,73,517,190.345,180
16206,55,4,537.0600000000001,52,272,134.26500000000001,328
16207,25,1,394.38,19,140,394.38,25
16208,45,2,664.26,61,333,332.13,289
16209,89,5,2262.62,37,1179,452.524,247
16210,2,18,21086.3,74,7559,1171.461111111111,374
16211,89,1,547.02,23,154,547.02,89
16212,19,2,690.34,40,244,345.17,283
16213,79,1,159.0,6,48,159.0,79
16214,171,3,1062.75,36,420,354.25,269
16215,81,1,242.35,14,104,242.35,81
16216,267,1,914.9300000000001,37,254,914.9300000000001,267
16217,235,2,304.25,13,91,152.125,282
16218,30,7,3084.68,56,2088,440.6685714285714,374
16221,37,3,864.86,90,717,288.2866666666667,367
16222,318,1,846.72,120,365,846.72,318
16224,57,4,1295.3,90,1116,323.825,250
16225,45,5,1096.32,109,493,219.26399999999998,278
16226,203,3,255.12,6,192,85.04,235
16227,225,1,314.22,6,90,314.22,225
16229,87,2,1010.6,46,318,505.3,213
16230,190,2,542.03,32,365,271.015,220
16232,44,4,990.88,24,550,247.72,215
16233,71,3,536.6800000000001,22,174,178.89333333333335,366
16235,41,5,867.31,42,330,173.462,332
16236,78,1,432.2,20,184,432.2,78
16239,57,2,414.2,18,228,207.1,190
16240,24,2,3718.8,126,1641,1859.4,77
16241,10,13,2607.87,347,1453,200.6053846153846,370
16242,8,7,3603.21,184,1982,514.7442857142858,277
16243,34,2,409.1,49,110,204.55,55
16244,212,2,1522.75,88,855,761.375,373
16245,24,3,1413.66,80,1014,471.22,257
16247,170,1,114.56,16,182,114.56,170
16248,62,1,152.94,7,78,152.94,62
16249,53,5,1800.07,67,950,360.014,239
16250,261,2,389.44,22,208,194.72,374
16253,67,2,3683.86,114,3233,1841.93,255
16255,17,8,2619.91,146,1767,327.48875,365
16256,267,1,752.4300000000001,13,581,752.4300000000001,267
16257,177,1,46.95,2,2,46.95,177
16258,45,5,5203.51,111,2994,1040.702,219
16260,51,1,1035.45,18,311,1035.45,51
16261,17,4,746.83,98,306,186.7075,246
16265,9,9,5447.0,164,2646,605.2222222222222,365
16266,74,7,861.89,44,398,123.12714285714286,206
16268,71,2,667.65,45,533,333.825,71
16270,353,1,1141.24,54,688,1141.24,353
16271,3,5,1429.24,89,1038,285.848,358
16272,117,1,411.7,25,224,411.7,117
16274,373,1,357.95,64,155,357.95,373
16275,197,1,559.87,33,336,559.87,197
16276,177,1,810.6000000000001,6,420,810.6000000000001,177
16278,100,1,566.38,23,114,566.38,100
16279,21,3,1509.58,102,1054,503.1933333333333,177
16281,72,1,2062.06,17,934,2062.06,72
16282,340,1,168.3,11,114,168.3,340
16283,6,5,1570.81,117,1236,314.162,208
16284,31,2,823.97,87,544,411.985,50
16287,170,1,142.5,8,298,142.5,170
16292,122,1,302.25,17,191,302.25,122
16293,22,10,2248.9900000000002,102,982,224.89900000000003,367
16295,10,4,1328.55,70,841,332.1375,65
16297,269,1,301.9,20,206,301.9,269
16298,23,3,598.2,22,198,199.4,187
16302,127,1,233.22,11,158,233.22,127
16303,26,3,5360.63,119,2659,1786.8766666666668,333
16305,139,1,361.21999999999997,22,256,361.21999999999997,139
16306,214,6,632.27,36,487,105.37833333333333,367
16308,38,4,2560.0,1,8000,640.0,261
16309,106,2,706.57,39,467,353.285,241
16311,18,2,616.26,35,394,308.13,49
16313,3,2,274.15000000000003,16,165,137.07500000000002,50
16315,331,1,226.37,14,75,226.37,331
16316,64,8,2938.91,120,1484,367.36375,358
16317,120,3,1341.65,64,890,447.2166666666667,297
16318,35,1,328.15,19,199,328.15,35
16319,218,1,404.40000000000003,3,72,404.40000000000003,218
16320,172,2,1038.46,56,732,519.23,213
16321,72,5,373.65000000000003,7,135,74.73,324
16322,1,2,326.75,28,231,163.375,36
16323,196,1,207.50000000000003,1,50,207.50000000000003,196
16324,128,3,428.68,100,282,142.89333333333335,177
16325,47,3,594.24,14,194,198.08,246
16326,6,14,3110.96,158,709,222.21142857142857,335
16327,14,6,3844.22,142,2571,640.7033333333333,370
16330,18,3,251.91,39,147,83.97,112
16332,28,7,1593.2,125,801,227.6,305
16333,8,22,26626.8,9,32184,1210.3090909090909,310
16337,37,1,151.05,10,87,151.05,37
16338,157,1,214.79999999999998,11,94,214.79999999999998,157
16339,284,1,109.95,17,23,109.95,284
16340,107,1,549.07,124,501,549.07,107
16341,25,4,1971.87,60,1398,492.9675,201
16342,75,4,322.41,10,157,80.6025,180
16343,16,2,370.47999999999996,29,195,185.23999999999998,16
16344,158,1,101.10000000000001,1,18,101.10000000000001,158
16345,44,1,575.41,35,289,575.41,44
16347,11,2,887.65,61,353,443.825,36
16348,32,7,1469.45,157,819,209.92142857142858,240
16349,291,1,53.5,9,9,53.5,291
16350,21,4,1116.47,40,545,279.1175,334
16351,333,1,153.9,8,90,153.9,333
16352,18,2,494.44,28,300,247.22,38
16353,4,23,6675.71,51,2006,290.24826086956523,370
16354,63,2,395.8,38,150,197.9,73
16356,198,3,211.77,20,93,70.59,278
16357,33,3,658.88,31,246,219.62666666666667,214
16358,1,4,2027.5,82,1302,506.875,184
16359,7,9,1750.92,39,1183,194.54666666666668,332
16360,5,6,3512.53,365,2144,585.4216666666667,88
16361,10,4,896.66,87,421,224.165,71
16362,32,5,734.77,58,351,146.954,91
16363,53,1,109.36000000000001,5,52,109.36000000000001,53
16364,12,2,707.04,48,280,353.52,137
16365,18,9,1540.42,45,504,171.1577777777778,367
16366,19,1,327.3,18,256,327.3,19
16367,37,2,804.49,123,647,402.245,363
16368,2,2,497.43,58,260,248.715,28
16369,18,3,1553.66,91,1035,517.8866666666667,197
16370,82,4,1320.56,143,647,330.14,225
16372,33,2,367.93,86,166,183.965,34
16374,66,2,473.03000000000003,101,240,236.51500000000001,262
16376,9,2,987.01,104,694,493.505,17
16377,267,1,676.2,5,1500,676.2,267
16378,247,3,362.95,22,267,120.98333333333333,311
16379,4,4,2157.4,87,1410,539.35,79
16380,61,1,1780.59,28,1524,1780.59,61
16383,75,2,668.36,80,475,334.18,268
16384,90,2,584.5,33,260,292.25,264
16385,60,3,555.89,52,261,185.29666666666665,366
16386,29,2,317.2,76,224,158.6,254
16387,323,1,94.36,4,44,94.36,323
16389,53,4,1382.07,33,1242,345.5175,283
16392,270,1,221.19,41,203,221.19,270
16393,2,13,3046.21,120,1576,234.32384615384615,369
16394,57,5,1555.34,61,2604,311.068,290
16395,61,5,1486.9,150,1476,297.38,331
16398,154,2,1705.8,75,758,852.9,254
16399,19,2,408.57,68,264,204.285,235
16400,95,1,303.93,28,172,303.93,95
16401,1,12,4098.32,66,3882,341.52666666666664,328
16402,265,2,299.6,55,149,149.8,369
16403,312,1,177.5,10,114,177.5,312
16404,70,1,443.05,23,157,443.05,70
16405,302,2,167.25,3,187,83.625,310
16406,19,1,163.07,54,122,163.07,19
16407,13,10,2126.93,99,1124,212.69299999999998,312
16409,36,5,2028.88,145,1306,405.776,317
16411,19,2,214.65,41,132,107.325,369
16412,54,1,151.83,25,73,151.83,54
16413,57,1,262.2,30,148,262.2,57
16414,22,2,126.25,5,27,63.125,280
16415,44,1,210.35,45,187,210.35,44
16416,27,3,1051.4,59,672,350.4666666666667,56
16418,45,3,675.27,76,288,225.09,226
16419,113,6,972.23,36,436,162.03833333333333,312
16422,17,51,34684.4,68,33704,680.086274509804,369
16423,25,1,346.12,18,230,346.12,25
16424,191,1,133.56,5,88,133.56,191
16425,302,1,302.7,21,199,302.7,302
16426,2,10,1908.25,211,1243,190.825,276
16427,263,2,241.06,8,156,120.53,284
16429,106,1,284.55,2,9,284.55,106
16430,57,1,300.85,6,103,300.85,57
16431,213,3,642.81,51,453,214.26999999999998,297
16432,64,1,287.4,8,276,287.4,64
16433,28,1,184.26,17,106,184.26,28
16434,29,7,1522.25,88,767,217.46428571428572,300
16438,6,5,798.35,74,463,159.67000000000002,82
16440,8,5,3640.67,186,2018,728.134,215
16441,67,2,381.2,22,173,190.6,291
16442,2,3,616.79,161,446,205.59666666666666,361
16444,46,4,654.67,68,407,163.6675,265
16445,34,1,230.51,62,111,230.51,34
16446,1,2,168472.5,3,80997,84236.25,206
16447,136,1,259.01,34,223,259.01,136
16448,198,1,188.89000000000001,19,78,188.89000000000001,198
16449,198,2,707.69,40,367,353.845,281
16450,150,1,311.92,11,200,311.92,150
16451,88,1,266.97,14,120,266.97,88
16454,45,2,6.9,2,3,3.45,64
16455,64,7,1841.18,69,988,263.0257142857143,371
16456,99,5,2158.37,80,1148,431.674,373
16457,218,1,208.36,9,140,208.36,218
16458,3,18,3482.7400000000002,52,2154,193.48555555555558,361
16460,28,3,814.72,128,879,271.5733333333333,82
16461,178,1,151.42,31,49,151.42,178
16462,74,3,136.0,1,16,45.333333333333336,284
16463,21,4,1422.4,74,1163,355.6,204
16464,20,3,1314.68,152,963,438.2266666666667,142
16466,34,7,1603.46,103,789,229.06571428571428,293
16468,74,1,74.9,2,31,74.9,74
16469,24,4,650.43,148,273,162.6075,246
16470,52,4,762.39,120,531,190.5975,359
16471,275,1,223.95000000000002,13,141,223.95000000000002,275
16473,165,3,316.11,18,196,105.37,337
16474,7,7,1871.5,237,943,267.35714285714283,145
16475,88,4,544.3,23,319,136.075,274
16477,64,7,2494.46,111,1415,356.3514285714286,372
16478,25,3,331.0,15,224,110.33333333333333,66
16479,10,2,300.83,35,102,150.415,10
16480,76,1,769.29,51,455,769.29,76
16482,16,1,220.62,18,346,220.62,16
16483,192,1,139.35,19,44,139.35,192
16484,174,2,404.3,25,200,202.15,191
16485,77,1,363.65,41,235,363.65,77
16488,33,3,498.8,28,728,166.26666666666668,149
16491,47,1,731.5,39,478,731.5,47
16493,80,4,1351.63,40,1164,337.9075,330
16494,297,1,826.53,47,675,826.53,297
16495,3,3,684.41,78,337,228.13666666666666,276
16496,9,3,1599.52,92,1111,533.1733333333333,317
16497,50,6,2965.69,128,1396,494.2816666666667,333
16498,161,2,100.97,15,45,50.485,162
16499,360,2,365.45,18,127,182.725,365
16500,5,6,400.86,8,123,66.81,331
16503,107,4,1431.93,71,569,357.9825,360
16504,25,1,484.38,76,524,484.38,25
16505,32,1,777.6,4,576,777.6,32
16506,20,2,90.30000000000001,3,42,45.150000000000006,40
16509,297,1,363.7,13,64,363.7,297
16510,372,1,248.1,13,92,248.1,372
16511,22,3,950.26,135,417,316.75333333333333,267
16513,5,4,874.59,33,407,218.6475,43
16515,52,5,1627.13,89,833,325.42600000000004,311
16516,30,1,101.69999999999999,6,58,101.69999999999999,30
16517,277,1,162.7,17,96,162.7,277
16518,61,2,484.32,36,327,242.16,284
16519,25,2,215.07999999999998,13,54,107.53999999999999,365
16520,186,3,1046.57,129,558,348.8566666666666,365
16523,2,21,9418.470000000001,151,4265,448.4985714285715,316
16525,2,26,13027.45,75,7397,501.0557692307693,367
16526,172,1,290.36,15,106,290.36,172
16527,81,1,228.06,14,106,228.06,81
16528,4,1,244.41,17,171,244.41,4
16529,190,1,455.25,30,198,455.25,190
16531,22,7,1244.59,68,915,177.79857142857142,360
16532,18,3,6748.8,2,2016,2249.6,339
16533,19,3,1095.56,112,612,365.18666666666667,68
16535,5,1,593.75,31,356,593.75,5
16536,110,1,548.97,49,251,548.97,110
16539,3,4,1388.81,36,477,347.2025,373
16542,54,1,119.62,5,46,119.62,54
16545,165,1,339.3,3,78,339.3,165
16546,291,2,787.15,25,549,393.575,373
16549,10,10,4154.64,445,2365,415.46400000000006,334
16550,109,5,2298.97,162,1540,459.794,368
16551,96,3,922.12,26,970,307.37333333333333,337
16552,243,2,379.73,17,219,189.865,374
16553,163,12,5719.82,62,4600,476.65166666666664,360
16554,42,3,837.1,51,402,279.03333333333336,332
16555,35,2,285.89,15,175,142.945,110
16556,67,7,3313.79,144,1890,473.3985714285714,360
16557,24,2,281.85,11,111,140.925,137
16558,1,20,8338.49,264,5377,416.92449999999997,367
16560,27,2,841.41,52,500,420.705,358
16561,6,2,511.12,29,244,255.56,60
16563,54,1,1077.74,19,486,1077.74,54
16565,364,1,173.7,3,46,173.7,364
16566,15,5,614.66,14,362,122.93199999999999,293
16567,194,2,865.6,34,996,432.8,337
16569,3,1,124.2,5,93,124.2,3
16570,15,10,3738.4,68,2112,373.84000000000003,312
16571,27,3,1421.69,73,1239,473.8966666666667,282
16572,127,3,1009.6,40,532,336.53333333333336,276
16573,85,2,663.61,40,360,331.805,290
16574,71,1,451.44,28,416,451.44,71
16581,183,1,105.84,9,134,105.84,183
16582,113,1,313.62,6,164,313.62,113
16583,374,1,233.45,14,111,233.45,374
16584,80,2,936.08,25,646,468.04,254
16586,249,1,463.95,8,95,463.95,249
16587,232,1,225.15,13,71,225.15,232
16589,71,3,459.24,31,368,153.08,161
16591,69,1,213.5,10,41,213.5,69
16592,4,16,4113.68,142,2927,257.105,288
16593,51,3,330.03,24,116,110.00999999999999,328
16594,75,1,181.09,53,64,181.09,75
16595,61,1,360.16,83,335,360.16,61
16596,16,2,250.15,12,97,125.075,366
16597,4,1,90.04,7,184,90.04,4
16598,286,1,145.04999999999998,10,73,145.04999999999998,286
16600,4,6,813.52,50,1145,135.58666666666667,339
16601,41,1,244.79999999999998,29,134,244.79999999999998,41
16602,36,1,528.08,29,336,528.08,36
16603,75,2,482.47,34,480,241.235,91
16607,18,14,3347.71,140,2859,239.12214285714285,359
16609,15,7,5493.46,155,2420,784.78,253
16610,219,1,75.66,6,66,75.66,219
16611,186,1,129.49,9,47,129.49,186
16612,33,4,1187.66,48,506,296.915,312
16613,70,1,618.59,30,293,618.59,70
16614,183,1,506.19,26,223,506.19,183
16616,15,2,500.42,31,370,250.21,157
16617,236,1,151.85,5,91,151.85,236
16618,31,5,2647.59,79,1363,529.518,323
16619,264,1,226.21,14,133,226.21,264
16620,4,2,178.96,9,88,89.48,261
16621,52,4,813.48,22,302,203.37,278
16623,246,1,129.45,5,39,129.45,246
16624,81,2,810.5699999999999,44,488,405.28499999999997,197
16625,275,1,333.08,23,164,333.08,275
16626,1,17,4413.1,86,2690,259.59411764705885,267
16627,79,1,322.8,20,162,322.8,79
16628,30,5,2188.05,79,1205,437.61,235
16629,74,2,417.73,58,493,208.865,96
16633,17,6,2883.1,115,1138,480.51666666666665,234
16634,223,2,217.9,9,82,108.95,372
16637,32,4,1154.47,66,927,288.6175,226
16638,23,10,1680.72,92,1255,168.072,369
16639,31,3,1257.51,48,510,419.17,236
16641,106,1,231.10000000000002,12,256,231.10000000000002,106
16642,5,2,688.33,32,479,344.165,208
16643,246,1,487.51,27,269,487.51,246
16644,178,2,833.78,62,826,416.89,212
16647,170,2,214.06,12,146,107.03,205
16648,43,1,290.65999999999997,19,281,290.65999999999997,43
16650,72,1,518.42,24,372,518.42,72
16652,59,7,6773.97,74,3283,967.71,273
16653,16,2,1212.66,67,733,606.33,71
16654,141,4,601.27,29,282,150.3175,368
16655,18,6,3794.52,208,2367,632.42,332
16656,22,15,8625.8,14,8894,575.0533333333333,365
16657,10,4,933.62,158,1229,233.405,255
16658,368,1,123.24,8,40,123.24,368
16659,189,1,39.12,2,72,39.12,189
16660,16,4,1267.6499999999999,16,571,316.91249999999997,320
16665,362,1,135.39999999999998,9,59,135.39999999999998,362
16666,19,1,118.98,32,233,118.98,19
16667,68,2,570.13,52,237,285.065,284
16668,15,6,306.71999999999997,9,318,51.12,285
16669,24,3,1374.8700000000001,141,888,458.29,78
16670,17,11,4095.9,179,2556,372.3545454545455,359
16671,28,3,1692.27,3,875,564.09,165
16672,2,20,8134.9400000000005,22,2832,406.747,267
16674,55,2,319.61,89,188,159.805,98
16676,34,4,1592.1200000000001,75,636,398.03000000000003,337
16678,3,12,3109.99,92,2397,259.1658333333333,283
16679,366,1,129.75,3,29,129.75,366
16680,43,1,183.7,10,94,183.7,43
16681,73,6,1770.34,18,1407,295.0566666666667,253
16682,5,5,1028.0,15,1040,205.6,188
16684,4,28,66653.56,119,50255,2380.4842857142858,358
16685,61,2,324.24,60,396,162.12,61
16686,47,7,3062.83,406,2030,437.54714285714283,355
16688,1,4,1260.86,52,804,315.215,61
16689,76,2,422.59999999999997,12,330,211.29999999999998,82
16690,72,2,225.57999999999998,10,138,112.78999999999999,202
16692,256,2,1276.0,2,152,638.0,289
16693,69,2,482.01,58,204,241.005,272
16696,135,4,657.9000000000001,7,146,164.47500000000002,248
16697,241,1,112.75,20,27,112.75,241
16698,227,2,1998.0,4,840,999.0,253
16700,9,13,5076.55,159,4024,390.50384615384615,366
16701,9,13,5398.3,99,6393,415.25384615384615,362
16705,1,20,14034.99,133,5476,701.7495,359
16706,37,3,531.35,108,249,177.11666666666667,114
16708,46,1,656.63,27,285,656.63,46
16709,85,5,3029.87,64,851,605.9739999999999,282
16710,19,10,2483.04,268,1836,248.304,368
16711,3,5,1651.03,18,833,330.206,358
16712,9,11,3645.43,259,1749,331.40272727272725,276
16713,19,15,6923.13,338,4276,461.54200000000003,366
16714,219,3,1161.53,77,610,387.1766666666667,317
16715,78,1,301.71999999999997,19,642,301.71999999999997,78
16716,267,2,901.2,1,120,450.6,311
16717,24,6,3858.38,176,1866,643.0633333333334,366
16718,369,1,623.75,41,413,623.75,369
16719,15,7,1790.42,107,1204,255.77428571428572,369
16720,26,1,155.24,25,182,155.24,26
16721,262,1,292.47,37,172,292.47,262
16722,17,13,4730.81,96,5001,363.90846153846155,368
16723,91,2,589.15,37,399,294.575,108
16725,302,7,781.02,110,294,111.57428571428571,371
16726,26,5,1382.02,121,977,276.404,361
16727,364,1,272.82,41,177,272.82,364
16728,46,4,1054.67,218,677,263.6675,264
16729,38,21,7239.92,234,5783,344.7580952380952,241
16730,52,3,743.11,75,994,247.70333333333335,319
16732,32,1,603.75,28,317,603.75,32
16734,52,3,650.51,44,346,216.83666666666667,114
16735,79,5,2300.56,88,1573,460.11199999999997,334
16737,53,1,417.59999999999997,1,288,417.59999999999997,53
16738,298,1,3.75,1,3,3.75,298
16739,177,1,323.0,13,172,323.0,177
16742,47,1,464.9,1,1,464.9,47
16743,29,7,2238.09,89,2047,319.7271428571429,359
16744,11,7,1304.76,198,805,186.3942857142857,173
16745,87,17,7194.3,148,6735,423.1941176470588,312
16746,5,18,6697.66,234,4665,372.09222222222223,359
16747,38,2,836.06,34,583,418.03,68
16748,18,5,1515.9,42,880,303.18,334
16750,45,5,623.93,74,214,124.78599999999999,232
16751,31,1,1764.72,24,1031,1764.72,31
16752,373,1,207.5,9,54,207.5,373
16753,58,1,223.92000000000002,34,189,223.92000000000002,58
16754,372,1,2002.4,2,4280,2002.4,372
16755,114,3,1496.83,133,1064,498.9433333333333,316
16756,215,1,239.4,13,106,239.4,215
16757,319,1,106.83000000000001,7,81,106.83000000000001,319
16758,65,1,369.34000000000003,22,203,369.34000000000003,65
16759,8,3,789.79,40,609,263.2633333333333,31
16761,97,1,316.62,13,341,316.62,97
16762,20,3,1501.38,51,618,500.46000000000004,144
16763,199,1,611.85,23,319,611.85,199
16764,4,13,2799.25,209,1259,215.32692307692307,143
16765,294,1,34.0,1,4,34.0,294
16766,273,2,1145.6,17,536,572.8,273
16767,31,11,5580.6,148,4435,507.32727272727277,316
16768,48,3,478.09000000000003,47,196,159.36333333333334,272
16769,260,1,380.39,33,83,380.39,260
16770,58,5,770.1,116,464,154.02,372
16771,33,5,2246.81,200,1489,449.36199999999997,338
16773,57,1,171.59,23,171,171.59,57
16774,68,4,661.52,36,322,165.38,179
16775,10,11,1695.66,84,440,154.1509090909091,367
16776,60,1,388.28,61,262,388.28,60
16777,80,2,226.35,45,64,113.175,257
16778,74,2,245.94,16,194,122.97,274
16779,2,22,10629.720000000001,161,5325,483.169090909091,367
16780,100,2,425.19,51,271,212.595,259
16781,372,1,311.25,17,113,311.25,372
16782,10,13,2279.9,103,712,175.37692307692308,366
16784,20,1,107.6,3,24,107.6,20
16788,123,2,597.48,138,311,298.74,254
16789,8,1,80.8,5,32,80.8,8
16790,4,6,1545.6200000000001,88,898,257.60333333333335,38
16791,29,7,1721.78,218,763,245.96857142857144,332
16792,282,2,110.38000000000001,11,44,55.190000000000005,282
16793,57,1,243.84,16,146,243.84,57
16794,1,10,1222.71,142,937,122.271,180
16795,365,1,414.88,64,239,414.88,365
16796,89,1,305.62,18,186,305.62,89
16800,11,1,1201.49,148,540,1201.49,11
16801,163,4,1619.73,72,499,404.9325,273
16803,65,1,332.3,24,245,332.3,65
16804,23,3,536.99,59,246,178.99666666666667,270
16805,174,2,460.59,94,539,230.295,360
16806,103,4,801.49,68,378,200.3725,239
16807,143,3,1121.59,57,778,373.8633333333333,271
16808,99,2,288.42,21,196,144.21,274
16809,23,5,914.69,79,652,182.93800000000002,262
16810,192,1,309.54,15,114,309.54,192
16811,5,2,547.07,26,477,273.535,17
16812,361,1,479.35,15,81,479.35,361
16813,8,10,1692.98,248,1525,169.298,204
16814,14,21,6509.1,122,2769,309.95714285714286,370
16816,103,4,417.06,28,274,104.265,358
16817,3,9,1604.75,73,822,178.30555555555554,368
16818,11,11,3349.57,172,2164,304.50636363636363,206
16820,96,1,497.61,26,307,497.61,96
16823,227,1,358.38,34,136,358.38,227
16824,16,2,460.64,23,236,230.32,164
16825,39,2,775.1800000000001,27,566,387.59000000000003,186
16826,51,1,341.7,22,158,341.7,51
16828,93,2,128.5,8,59,64.25,112
16829,157,1,197.22,11,99,197.22,157
16830,39,1,325.91,23,264,325.91,39
16832,184,3,199.15,11,33,66.38333333333334,217
16833,1,4,1106.53,46,440,276.6325,334
16834,228,1,413.46,24,358,413.46,228
16835,128,2,180.85,10,61,90.425,373
16836,40,2,251.87,11,165,125.935,117
16837,31,11,3170.98,123,1563,288.2709090909091,246
16838,197,2,588.85,24,185,294.425,288
16839,9,34,16594.35,114,8975,488.06911764705876,370
16841,37,6,1869.82,101,2250,311.63666666666666,288
16842,101,3,1264.19,45,693,421.3966666666667,302
16843,43,16,10196.57,226,10159,637.285625,327
16846,50,1,214.32,11,135,214.32,50
16847,43,1,193.44,12,78,193.44,43
16848,53,1,281.42,14,182,281.42,53
16849,187,1,124.57,8,33,124.57,187
16850,334,1,332.41,19,249,332.41,334
16851,4,3,342.45,17,271,114.14999999999999,52
16852,10,2,144.91000000000003,9,56,72.45500000000001,176
16855,24,2,328.4,19,164,164.2,43
16856,15,1,35.400000000000006,2,12,35.400000000000006,15
16858,369,1,375.69000000000005,9,91,375.69000000000005,369
16859,145,2,747.81,50,827,373.905,261
16861,60,2,173.76,6,140,86.88,158
16863,31,2,502.8,25,409,251.4,367
16866,141,3,207.73999999999998,10,60,69.24666666666666,162
16869,23,4,825.42,113,585,206.355,175
16871,22,6,2812.34,131,1253,468.72333333333336,271
16872,77,3,680.02,5,600,226.67333333333332,184
16873,5,6,7123.62,179,3840,1187.27,364
16875,67,5,2095.53,93,1069,419.10600000000005,340
16877,12,6,853.72,111,463,142.28666666666666,208
16878,84,1,13.3,3,12,13.3,84
16880,31,7,1519.08,121,753,217.01142857142855,189
16881,67,1,432.0,1,600,432.0,67
16882,67,3,705.12,39,424,235.04,317
16883,187,2,276.73,33,104,138.365,372
16884,38,2,429.84000000000003,26,320,214.92000000000002,38
16885,15,3,471.51,82,184,157.17,357
16887,35,1,194.88,35,157,194.88,35
16889,195,3,1578.67,112,925,526.2233333333334,337
16891,2,5,809.7,166,283,161.94,372
16892,1,5,525.54,87,239,105.10799999999999,184
16893,367,1,145.93,44,62,145.93,367
16895,65,1,219.14,57,102,219.14,65
16897,299,2,289.78,37,73,144.89,314
16898,26,3,508.81,150,419,169.60333333333332,369
16899,8,6,1281.56,80,522,213.59333333333333,360
16900,17,3,887.11,78,833,295.7033333333333,63
16902,116,1,1706.88,43,629,1706.88,116
16903,29,1,373.24,50,262,373.24,29
16904,4,16,3754.27,387,2034,234.641875,367
16905,5,7,3102.43,117,1408,443.2042857142857,372
16906,82,4,579.77,74,281,144.9425,249
16907,29,5,981.65,89,298,196.32999999999998,365
16909,72,1,379.14,18,436,379.14,72
16910,4,8,1510.06,318,886,188.7575,91
16912,29,11,2575.38,88,1029,234.12545454545455,323
16913,290,1,113.44,8,82,113.44,290
16914,36,1,208.46,25,121,208.46,36
16915,9,6,621.6800000000001,46,132,103.61333333333334,284
16916,24,2,576.26,129,440,288.13,372
16917,277,1,391.52,9,232,391.52,277
16918,50,6,1068.82,97,721,178.13666666666666,317
16919,156,11,2596.45,141,1413,236.04090909090908,368
16921,61,1,169.79,50,171,169.79,61
16923,12,19,7247.61,313,3417,381.4531578947368,363
16924,21,3,846.75,69,493,282.25,84
16926,371,1,230.25,14,35,230.25,371
16927,116,3,543.05,5,993,181.01666666666665,362
16928,80,17,2847.6,69,2114,167.50588235294117,373
16929,4,7,1295.39,51,929,185.0557142857143,156
16930,26,3,380.55,47,341,126.85000000000001,68
16931,5,21,4604.22,448,3158,219.24857142857144,370
16932,53,1,161.94,44,87,161.94,53
16933,1,2,563.23,42,288,281.615,239
16934,55,2,950.9300000000001,59,399,475.46500000000003,55
16936,26,1,262.68,56,173,262.68,26
16938,9,4,2736.38,212,2540,684.095,309
16940,52,3,3049.88,226,2169,1016.6266666666667,290
16942,13,9,1920.59,159,811,213.39888888888888,228
16943,212,3,816.73,23,145,272.24333333333334,318
16945,22,19,4345.5,137,2725,228.71052631578948,358
16947,236,1,406.48,21,312,406.48,236
16948,139,3,435.02,15,1614,145.00666666666666,326
16949,4,6,1286.27,57,791,214.37833333333333,317
16950,57,3,1178.56,39,644,392.8533333333333,367
16951,135,3,1277.75,73,1318,425.9166666666667,304
16952,109,2,167.61,16,92,83.805,109
16953,30,1,20.8,1,10,20.8,30
16954,1,9,2085.08,40,1054,231.67555555555555,360
16955,185,4,518.67,18,266,129.6675,373
16956,18,1,308.74,16,114,308.74,18
16957,239,2,416.64,15,172,208.32,282
16959,87,1,117.35000000000001,7,49,117.35000000000001,87
16960,39,3,507.05,92,304,169.01666666666668,253
16961,116,1,234.17,14,125,234.17,116
16963,187,1,110.55000000000001,7,35,110.55000000000001,187
16965,227,1,201.19,26,291,201.19,227
16966,8,7,2154.97,8,1981,307.8528571428571,240
16967,189,1,319.02,21,333,319.02,189
16968,4,2,439.43,31,326,219.715,108
16969,39,3,650.41,42,816,216.8033333333333,192
16971,38,1,357.21,40,72,357.21,38
16976,267,1,251.51999999999998,2,88,251.51999999999998,267
16978,78,1,344.33,39,166,344.33,78
16979,4,6,1852.0,64,865,308.6666666666667,298
16980,255,2,1078.96,71,788,539.48,291
16982,61,1,384.06,22,182,384.06,61
16983,13,7,1931.25,112,1379,275.89285714285717,370
16984,88,2,4481.35,354,2423,2240.675,130
16985,17,10,5464.12,62,1832,546.412,359
16986,30,2,1873.2,3,1040,936.6,30
16987,3,7,1625.05,74,402,232.15,205
16988,5,1,126.12,7,43,126.12,5
16989,7,6,1133.25,7,1233,188.875,151
16990,219,1,179.0,1,100,179.0,219
16992,11,5,1614.31,84,860,322.86199999999997,285
16996,30,6,1456.96,13,544,242.82666666666668,353
16997,288,3,702.0,7,360,234.0,326
16998,150,4,295.0,1,76,73.75,304
16999,23,2,484.82,21,294,242.41,74
17001,1,11,3989.57,75,2164,362.6881818181818,359
17002,86,3,1493.73,41,679,497.91,291
17004,46,2,1412.94,38,819,706.47,93
17006,5,4,781.78,37,272,195.445,76
17007,51,6,889.9300000000001,50,597,148.3216666666667,357
17010,18,1,195.36,11,118,195.36,18
17011,30,1,270.9,15,186,270.9,30
17014,8,3,586.33,63,245,195.44333333333336,67
17015,29,3,1842.56,182,1981,614.1866666666666,185
17017,3,20,8694.26,88,6673,434.713,373
17018,41,2,920.1,15,176,460.05,326
17019,11,4,1272.61,166,827,318.1525,368
17022,31,1,71.0,7,108,71.0,31
17024,45,3,95.85,2,69,31.95,158
17025,61,3,357.77,8,235,119.25666666666666,373
17026,185,2,154.82999999999998,4,97,77.41499999999999,370
17027,79,6,890.29,110,421,148.38166666666666,317
17029,111,2,716.0,1,400,358.0,237
17030,64,1,146.87,11,146,146.87,64
17031,12,2,380.35,19,235,190.175,155
17033,86,3,1030.14,24,750,343.38000000000005,359
17034,16,3,745.52,28,410,248.50666666666666,288
17035,246,2,433.53000000000003,27,229,216.76500000000001,312
17037,88,1,1267.32,75,656,1267.32,88
17038,30,1,112.4,22,28,112.4,30
17040,138,1,449.73,15,181,449.73,138
17041,27,3,1081.57,59,951,360.5233333333333,361
17042,3,5,1044.3799999999999,74,994,208.87599999999998,247
17043,32,4,1735.18,100,998,433.795,266
17044,25,1,948.48,6,504,948.48,25
17045,113,3,339.44,20,106,113.14666666666666,248
17046,157,1,642.02,22,510,642.02,157
17047,85,3,1100.9,59,533,366.9666666666667,205
17048,118,3,925.35,41,485,308.45,331
17049,3,9,5659.9800000000005,201,2676,628.8866666666668,276
17050,96,6,3228.84,169,1614,538.14,300
17051,194,1,247.14000000000001,40,184,247.14000000000001,194
17052,28,1,413.75,72,261,413.75,28
17053,131,1,498.48,13,122,498.48,131
17054,28,5,1356.33,64,804,271.26599999999996,245
17058,82,3,1179.89,51,592,393.2966666666667,240
17059,30,5,3095.04,292,1855,619.008,370
17060,266,1,234.24,5,216,234.24,266
17061,74,11,5232.2300000000005,57,1526,475.65727272727275,232
17062,314,4,538.37,52,430,134.5925,370
17063,21,7,1461.14,66,770,208.73428571428573,289
17064,59,3,859.35,53,318,286.45,327
17068,12,21,4552.14,116,2164,216.76857142857145,368
17069,28,9,2709.7000000000003,111,1506,301.0777777777778,373
17070,114,1,312.14,62,133,312.14,114
17071,28,9,2429.03,102,1197,269.89222222222224,310
17073,18,4,1446.09,142,759,361.5225,109
17075,18,4,834.12,62,292,208.53,317
17076,36,3,841.0799999999999,17,295,280.35999999999996,365
17078,36,2,378.2,28,788,189.1,36
17079,78,1,118.80000000000001,2,24,118.80000000000001,78
17080,22,2,287.62,8,166,143.81,270
17081,25,2,290.16,55,78,145.08,46
17082,33,2,2003.85,75,1049,1001.925,318
17083,109,3,1405.78,24,772,468.5933333333333,304
17084,35,2,2949.75,146,1816,1474.875,35
17085,123,5,1566.65,115,786,313.33000000000004,363
17086,7,6,2050.08,76,1859,341.68,64
17088,28,4,1991.01,96,868,497.7525,254
17090,4,7,2043.95,45,921,291.99285714285713,354
17091,3,9,3827.76,119,1746,425.3066666666667,368
17092,50,4,1777.78,99,1131,444.445,277
17094,322,1,302.0,14,152,302.0,322
17095,23,3,1324.16,69,618,441.3866666666667,335
17096,15,4,1022.13,46,339,255.5325,262
17097,2,8,954.42,153,459,119.3025,365
17100,18,2,971.74,65,800,485.87,18
17101,10,4,1621.73,28,815,405.4325,178
17102,262,1,25.5,1,2,25.5,262
17105,159,2,665.78,80,693,332.89,306
17107,33,6,10815.43,269,4837,1802.5716666666667,278
17109,29,6,885.04,107,589,147.50666666666666,232
17110,165,1,163.29999999999998,12,50,163.29999999999998,165
17111,47,1,248.61,29,302,248.61,47
17114,6,8,808.62,85,219,101.0775,335
17115,8,3,837.5,33,372,279.1666666666667,233
17117,288,1,116.19999999999999,9,68,116.19999999999999,288
17118,318,1,157.02,10,154,157.02,318
17119,3,2,606.91,35,334,303.455,60
17120,233,1,307.46,18,120,307.46,233
17122,119,1,138.32,7,80,138.32,119
17123,162,1,345.29999999999995,9,246,345.29999999999995,162
17124,185,1,298.89,31,130,298.89,185
17125,50,1,259.35,34,291,259.35,50
17126,152,5,1004.75,187,792,200.95,363
17128,335,1,157.09,14,76,157.09,335
17131,5,5,2463.17,78,983,492.634,76
17133,16,7,4892.240000000001,13,2730,698.8914285714287,266
17134,107,2,425.0,21,102,212.5,265
17135,16,7,1139.73,34,1224,162.81857142857143,372
17138,276,1,380.5,24,126,380.5,276
17139,16,12,10668.47,309,5182,889.0391666666666,289
17140,247,1,465.32,16,302,465.32,247
17142,239,1,579.0,15,81,579.0,239
17144,1,2,984.57,42,483,492.285,85
17146,106,3,749.78,33,212,249.92666666666665,359
17147,23,4,1714.59,68,882,428.6475,312
17148,52,1,124.88,9,82,124.88,52
17152,195,3,1689.5,9,517,563.1666666666666,263
17153,24,1,213.78,14,104,213.78,24
17154,75,1,329.34,23,490,329.34,75
17155,18,2,251.70000000000002,19,242,125.85000000000001,178
17157,8,2,319.0,11,172,159.5,176
17158,32,3,1266.97,53,778,422.3233333333333,360
17159,22,3,1538.88,96,1111,512.96,172
17160,31,6,3518.03,111,2856,586.3383333333334,242
17162,29,10,1715.46,81,1001,171.546,306
17163,22,2,293.1,3,66,146.55,78
17164,33,7,2467.35,92,1501,352.4785714285714,273
17165,284,1,158.68,10,100,158.68,284
17166,39,2,206.34,11,78,103.17,204
17169,58,2,835.78,51,526,417.89,183
17171,289,1,224.91,16,185,224.91,289
17172,79,1,317.76,15,480,317.76,79
17173,5,8,3766.6,36,1122,470.825,131
17174,218,1,59.9,4,41,59.9,218
17175,44,4,1443.69,42,866,360.9225,296
17176,202,1,306.13,15,170,306.13,202
17179,178,3,711.79,56,290,237.26333333333332,361
17180,56,4,796.03,91,683,199.0075,316
17181,57,2,239.92000000000002,23,241,119.96000000000001,374
17183,8,6,3347.31,42,1296,557.885,105
17186,47,2,144.0,1,200,72.0,60
17187,227,1,203.95,10,144,203.95,227
17188,11,7,2474.23,71,1328,353.4614285714286,362
17189,106,2,384.40000000000003,52,227,192.20000000000002,359
17190,59,2,444.74,19,161,222.37,207
17191,28,7,2095.13,163,1167,299.30428571428575,368
17193,36,7,1699.3000000000002,17,1254,242.7571428571429,177
17194,274,2,262.62,26,119,131.31,361
17197,30,1,1013.01,29,191,1013.01,30
17198,24,3,692.22,89,357,230.74,371
17201,54,1,342.63,38,268,342.63,54
17203,36,6,3563.85,116,2850,593.975,60
17204,175,4,1564.56,44,646,391.14,264
17205,54,1,384.08,13,884,384.08,54
17206,53,1,204.24,7,76,204.24,53
17211,27,8,2317.2200000000003,150,1323,289.65250000000003,370
17212,253,1,226.85,4,147,226.85,253
17213,40,7,2781.23,85,1176,397.31857142857143,366
17214,60,6,1069.1200000000001,79,276,178.1866666666667,359
17217,234,1,113.5,9,24,113.5,234
17218,4,10,1960.72,146,958,196.072,368
17219,32,1,114.23,24,89,114.23,32
17220,24,14,3198.25,303,1905,228.44642857142858,364
17221,7,2,335.13,59,288,167.565,36
17222,65,1,354.15,27,128,354.15,65
17223,310,2,426.79,43,112,213.395,368
17226,309,1,393.49,21,406,393.49,309
17227,19,6,939.32,28,741,156.55333333333334,369
17228,16,8,1906.09,140,1532,238.26125,372
17229,96,2,318.76,39,185,159.38,143
17230,264,8,3638.41,51,1651,454.80125,360
17231,12,10,3174.32,292,1742,317.432,361
17232,3,2,421.52,30,203,210.76,15
17233,35,1,190.88,25,131,190.88,35
17234,183,1,149.89000000000001,14,55,149.89000000000001,183
17235,25,2,550.06,24,224,275.03,372
17236,13,6,916.13,88,474,152.68833333333333,363
17237,11,2,314.69,18,105,157.345,22
17238,3,17,3744.65,297,1822,220.2735294117647,371
17239,313,1,382.5,15,150,382.5,313
17242,108,2,1135.04,30,611,567.52,180
17243,1,26,8676.85,180,3370,333.725,370
17244,53,1,954.9,31,616,954.9,53
17245,205,1,171.45,9,75,171.45,205
17247,15,1,282.19,53,106,282.19,15
17248,120,1,318.65,68,213,318.65,120
17250,4,2,384.52,55,168,192.26,261
17251,363,1,283.28000000000003,37,110,283.28000000000003,363
17252,117,2,353.86,86,193,176.93,186
17253,18,1,178.26,18,43,178.26,18
17254,5,2,272.44,100,252,136.22,15
17255,41,2,298.41,69,232,149.205,299
17256,107,2,240.0,12,141,120.0,312
17259,148,2,603.37,104,410,301.685,368
17262,52,5,1253.3600000000001,9,367,250.67200000000003,366
17263,208,1,63.440000000000005,23,36,63.440000000000005,208
17265,139,2,562.9,106,394,281.45,181
17266,2,3,310.64,60,161,103.54666666666667,148
17267,127,2,317.62,37,159,158.81,127
17268,108,4,763.64,3,844,190.91,245
17272,42,4,2148.63,70,1778,537.1575,263
17274,35,1,111.97999999999999,24,79,111.97999999999999,35
17277,228,2,1065.3500000000001,67,430,532.6750000000001,323
17278,241,1,246.04,15,179,246.04,241
17279,58,1,187.82999999999998,8,48,187.82999999999998,58
17282,130,3,1703.41,79,1877,567.8033333333334,300
17284,60,6,1652.58,229,1364,275.43,336
17286,22,1,153.92,44,118,153.92,22
17287,26,7,1064.11,88,559,152.01571428571427,373
17288,9,7,1419.73,118,1203,202.81857142857143,358
17289,32,3,944.41,86,520,314.80333333333334,180
17290,4,2,525.24,92,404,262.62,16
17291,308,1,550.8000000000001,1,72,550.8000000000001,308
17293,8,9,1875.1100000000001,93,1140,208.34555555555556,361
17295,29,3,556.95,53,294,185.65,65
17297,17,1,131.78,49,67,131.78,17
17298,101,2,498.42,30,387,249.21,125
17299,12,4,669.11,50,678,167.2775,173
17301,21,1,197.63,59,149,197.63,21
17302,15,5,1135.63,68,575,227.12600000000003,306
17303,361,1,250.04,53,144,250.04,361
17306,11,19,8631.31,13,11491,454.2794736842105,353
17309,95,1,82.75,11,41,82.75,95
17311,78,2,1384.85,55,1005,692.425,317
17312,139,3,644.3,11,372,214.76666666666665,159
17313,31,1,2328.84,24,1402,2328.84,31
17314,25,8,2527.92,120,1896,315.99,313
17315,2,38,6292.26,256,3888,165.58578947368423,358
17317,46,3,2600.34,8,1146,866.7800000000001,90
17320,100,3,1200.6200000000001,57,634,400.2066666666667,368
17321,8,2,700.86,94,373,350.43,68
17323,15,7,921.07,125,776,131.58142857142857,292
17324,18,4,990.23,43,844,247.5575,367
17325,280,1,96.8,6,60,96.8,280
17329,14,2,523.11,29,142,261.555,315
17330,23,2,363.9,5,120,181.95,68
17331,124,1,175.2,1,16,175.2,124
17333,86,1,494.25,28,375,494.25,86
17334,302,2,307.02,11,315,153.51,309
17337,151,4,2027.8700000000001,421,1269,506.96750000000003,310
17338,17,8,6643.93,389,3128,830.49125,361
17339,94,2,243.36,9,152,121.68,365
17340,30,11,12353.29,229,5967,1123.0263636363636,366
17341,157,3,781.36,147,489,260.4533333333333,367
17343,355,1,193.64,17,56,193.64,355
17344,46,1,160.57,31,66,160.57,46
17345,15,4,537.74,70,346,134.435,197
17346,4,15,2676.56,299,1657,178.43733333333333,373
17347,86,1,228.96,1,216,228.96,86
17348,15,5,1159.52,180,1401,231.904,298
17349,179,1,110.75,8,112,110.75,179
17350,8,4,1286.07,66,795,321.5175,51
17351,36,3,587.15,22,113,195.71666666666667,273
17353,129,2,1740.0,5,1200,870.0,154
17354,51,1,1393.06,15,1006,1393.06,51
17356,312,1,178.22,19,166,178.22,312
17357,24,2,388.14,41,153,194.07,24
17358,303,2,365.85,55,202,182.925,355
17359,11,1,127.86,13,161,127.86,11
17360,17,3,585.79,113,335,195.26333333333332,184
17361,49,3,488.2,26,157,162.73333333333332,292
17362,239,2,312.23,30,191,156.115,310
17364,1,11,4481.18,288,2701,407.38000000000005,331
17365,13,8,4801.56,278,4777,600.195,333
17367,238,1,168.4,33,150,168.4,238
17368,23,8,1912.67,93,1391,239.08375,338
17370,73,4,446.18,31,540,111.545,170
17371,17,3,423.89,83,152,141.29666666666665,361
17372,41,8,1342.68,215,749,167.835,363
17373,40,4,646.92,47,408,161.73,313
17374,219,2,495.77,24,85,247.885,281
17375,199,3,400.1,63,367,133.36666666666667,361
17376,71,2,203.2,23,86,101.6,311
17377,24,20,4100.92,190,2076,205.046,374
17379,11,1,404.66,71,663,404.66,11
17381,9,29,20275.61,40,25649,699.1589655172414,372
17382,65,1,65.4,2,25,65.4,65
17383,4,1,199.29,49,150,199.29,4
17384,19,2,336.4,12,88,168.2,219
17385,15,1,261.11,42,201,261.11,15
17386,8,6,2686.42,23,1902,447.7366666666667,166
17387,20,2,784.11,71,542,392.055,34
17388,78,4,1259.56,13,1068,314.89,288
17389,1,34,31833.68,45,7612,936.2847058823529,331
17391,164,2,508.8,2,480,254.4,165
17392,307,2,457.91,53,320,228.955,358
17394,219,1,203.86999999999998,4,241,203.86999999999998,219
17396,39,8,7330.8,24,2005,916.35,372
17397,22,2,696.41,88,254,348.205,22
17398,115,3,653.38,30,310,217.79333333333332,255
17400,126,5,2129.96,175,1097,425.992,353
17402,5,13,2633.85,33,701,202.60384615384615,369
17403,36,1,281.62,32,117,281.62,36
17404,4,15,31906.82,111,32748,2127.1213333333335,360
17405,1,3,1031.41,77,726,343.80333333333334,150
17406,333,3,2200.42,99,787,733.4733333333334,367
17408,163,1,32.65,2,3,32.65,163
17409,185,2,771.85,13,105,385.925,248
17410,16,5,1214.72,57,616,242.94400000000002,215
17411,12,3,778.94,39,306,259.6466666666667,261
17412,3,7,1258.06,48,738,179.72285714285712,372
17414,44,2,778.0,5,2100,389.0,185
17415,80,1,507.84,14,114,507.84,80
17416,30,7,6893.42,186,4302,984.7742857142857,281
17418,42,2,463.46000000000004,29,289,231.73000000000002,324
17419,11,12,4226.57,155,1876,352.21416666666664,367
17420,50,3,598.83,28,265,199.61,374
17422,16,6,1979.37,93,2253,329.895,296
17423,46,2,698.41,26,459,349.205,218
17425,19,2,759.17,42,407,379.585,61
17426,8,6,5037.26,179,3094,839.5433333333334,282
17427,72,1,100.8,2,34,100.8,72
17428,1,28,17256.85,252,9474,616.3160714285714,369
17429,128,3,524.9200000000001,36,624,174.97333333333336,219
17430,33,2,265.76,14,190,132.88,365
17431,313,1,403.3,41,292,403.3,313
17432,18,2,365.76,44,207,182.88,37
17433,88,1,303.15999999999997,53,185,303.15999999999997,88
17434,2,7,2373.82,100,1693,339.1171428571429,85
17436,2,2,216.29999999999998,7,90,108.14999999999999,227
17438,254,1,388.45000000000005,17,103,388.45000000000005,254
17440,157,3,186.42000000000002,3,246,62.14000000000001,248
17442,37,6,2248.56,96,1496,374.76,290
17443,220,1,534.24,1,504,534.24,220
17444,148,3,2940.04,132,2119,980.0133333333333,173
17446,177,2,120.9,6,198,60.45,310
17447,40,2,541.53,33,443,270.765,72
17449,2,7,2520.86,178,1122,360.1228571428572,360
17450,8,46,194550.79,124,69993,4229.365,368
17451,1,7,1721.4,83,1203,245.91428571428574,106
17453,18,2,486.71999999999997,19,219,243.35999999999999,64
17454,192,4,517.53,57,243,129.3825,360
17455,204,1,131.7,8,66,131.7,204
17456,365,1,249.86,17,222,249.86,365
17457,127,5,1737.7,14,826,347.54,339
17458,15,1,316.5,52,170,316.5,15
17459,43,2,657.3,88,537,328.65,60
17460,94,6,622.4300000000001,18,236,103.73833333333334,373
17461,23,3,757.46,104,799,252.48666666666668,30
17462,60,2,675.69,25,227,337.845,284
17463,16,5,1896.41,162,1095,379.28200000000004,313
17464,158,1,289.96000000000004,9,220,289.96000000000004,158
17466,10,2,763.28,41,306,381.64,79
17468,10,2,137.0,5,116,68.5,14
17469,16,5,1870.97,61,787,374.194,205
17470,45,5,1125.07,67,1675,225.01399999999998,368
17472,191,3,710.29,142,462,236.76333333333332,299
17475,79,1,194.37,14,178,194.37,79
17480,78,1,511.82,29,338,511.82,78
17481,4,4,1255.59,69,1061,313.8975,94
17483,65,3,414.04,18,191,138.01333333333335,183
17486,261,1,396.87,24,191,396.87,261
17489,59,2,376.64,28,428,188.32,213
17490,1,7,2092.32,63,1134,298.90285714285716,177
17491,1,10,3558.87,72,2013,355.887,368
17492,248,1,374.57,12,155,374.57,248
17495,8,2,497.56,21,229,248.78,39
17496,359,1,271.05,10,79,271.05,359
17498,76,1,272.22,17,394,272.22,76
17499,290,1,622.88,40,711,622.88,290
17500,17,3,1138.0,3,17,379.3333333333333,30
17501,221,2,288.6,18,160,144.3,221
17502,9,4,689.1,25,376,172.275,29
17503,3,2,558.96,36,486,279.48,39
17504,206,9,2997.0299999999997,112,1664,333.00333333333333,323
17505,162,2,1145.84,48,556,572.92,206
17506,76,1,302.2,14,139,302.2,76
17507,262,2,605.58,79,359,302.79,309
17508,281,1,387.31,22,289,387.31,281
17509,58,8,6115.14,75,3534,764.3925,63
17510,25,1,308.48,20,214,308.48,25
17511,3,31,91062.38,453,64549,2937.496129032258,374
17512,29,10,2924.9900000000002,61,2753,292.499,302
17513,72,1,513.2,6,254,513.2,72
17514,128,1,208.65,40,135,208.65,128
17515,31,4,639.02,49,243,159.755,318
17516,15,5,768.08,113,416,153.616,286
17517,309,1,153.94,11,102,153.94,309
17519,17,6,1844.02,60,1236,307.33666666666664,368
17520,54,1,546.81,30,365,546.81,54
17521,30,3,723.2099999999999,38,519,241.06999999999996,199
17522,2,5,1070.71,59,1034,214.142,218
17523,11,4,652.74,25,872,163.185,19
17524,361,1,145.0,6,90,145.0,361
17525,360,1,422.70000000000005,9,82,422.70000000000005,360
17526,5,4,1195.8999999999999,17,310,298.97499999999997,366
17527,54,4,939.37,45,488,234.8425,218
17528,1,8,3628.5,183,2138,453.5625,71
17530,1,10,2385.0,306,1526,238.5,365
17531,190,1,296.7,14,136,296.7,190
17534,54,1,223.36,9,103,223.36,54
17535,280,1,164.4,13,136,164.4,280
17536,177,1,76.5,3,6,76.5,177
17537,30,2,897.62,74,700,448.81,303
17538,26,1,98.42,9,134,98.42,26
17540,25,2,578.9,20,194,289.45,316
17542,270,1,170.75,24,134,170.75,270
17545,43,3,645.96,122,341,215.32000000000002,43
17548,234,1,103.3,5,58,103.3,234
17549,24,2,148.86,5,210,74.43,52
17550,197,3,267.16,42,86,89.05333333333334,243
17551,359,1,306.84,39,150,306.84,359
17552,60,4,930.41,43,719,232.6025,372
17553,130,1,1487.6,2,1048,1487.6,130
17554,1,5,1952.45,58,1763,390.49,148
17555,20,2,483.26,101,349,241.63,335
17556,206,1,157.9,6,101,157.9,206
17557,14,3,541.46,27,306,180.48666666666668,81
17560,95,4,854.95,22,635,213.7375,311
17561,19,1,167.62,44,146,167.62,19
17562,14,7,1122.38,48,817,160.34,173
17564,24,3,454.01,38,146,151.33666666666667,80
17566,8,2,901.21,113,518,450.605,25
17567,7,8,4331.48,110,2632,541.435,372
17569,332,1,344.14,29,159,344.14,332
17571,50,4,1498.51,247,905,374.6275,298
17572,71,4,226.75000000000003,7,95,56.68750000000001,373
17573,29,3,380.6,24,308,126.86666666666667,94
17574,243,1,185.65,8,77,185.65,243
17576,8,19,3622.68,245,1994,190.66736842105263,365
17578,218,1,143.45999999999998,5,138,143.45999999999998,218
17579,5,3,448.90000000000003,46,258,149.63333333333335,179
17580,253,3,215.72,43,88,71.90666666666667,358
17581,1,25,11045.04,229,5927,441.8016,372
17582,236,1,175.27,28,123,175.27,236
17584,7,2,1242.3,30,458,621.15,127
17585,109,4,1133.07,176,1671,283.2675,338
17588,100,3,1240.2,19,676,413.40000000000003,233
17589,60,4,2404.17,172,1631,601.0425,240
17590,2,3,1479.22,162,828,493.0733333333333,40
17591,73,7,2225.9700000000003,81,1009,317.9957142857143,367
17593,4,5,3927.34,190,3101,785.4680000000001,353
17594,85,2,993.18,42,550,496.59,255
17595,12,2,388.79,68,229,194.395,37
17596,23,7,2827.93,168,4400,403.98999999999995,369
17597,214,1,2044.3700000000001,55,1176,2044.3700000000001,214
17600,18,1,161.67000000000002,13,144,161.67000000000002,18
17601,239,1,116.00999999999999,9,103,116.00999999999999,239
17602,2,6,5102.97,335,4151,850.495,324
17603,78,1,394.72,11,74,394.72,78
17604,217,2,309.36,57,169,154.68,312
17608,33,2,193.42,54,232,96.71,33
17609,41,5,1112.22,199,723,222.44400000000002,327
17611,7,15,3984.22,440,2560,265.61466666666666,361
17612,53,6,2048.45,116,1808,341.4083333333333,298
17613,23,14,4559.150000000001,211,2496,325.65357142857147,306
17614,57,1,390.07,97,238,390.07,57
17615,130,3,329.6,13,140,109.86666666666667,222
17616,174,3,571.1999999999999,1,224,190.39999999999998,368
17618,6,3,971.58,56,331,323.86,362
17619,312,1,218.52,71,127,218.52,312
17620,60,1,81.44,4,60,81.44,60
17621,21,3,1379.9,24,514,459.9666666666667,354
17623,33,1,527.0500000000001,33,265,527.0500000000001,33
17624,15,2,843.48,49,554,421.74,218
17625,18,4,2047.0,223,1198,511.75,258
17628,81,1,75.75,5,79,75.75,81
17629,6,8,1814.12,106,1629,226.765,360
17630,170,2,503.59999999999997,24,158,251.79999999999998,232
17631,2,3,528.33,39,334,176.11,232
17633,31,4,1324.84,59,644,331.21,120
17634,36,9,2361.9700000000003,209,840,262.4411111111111,338
17636,19,1,285.56,20,182,285.56,19
17637,31,2,547.0600000000001,35,280,273.53000000000003,115
17639,276,1,108.5,7,49,108.5,276
17640,87,1,621.66,5,250,621.66,87
17642,120,2,712.29,34,474,356.145,176
17643,373,1,101.55,8,71,101.55,373
17644,1,11,2895.64,102,1793,263.24,261
17646,219,3,1008.39,46,323,336.13,365
17647,65,1,133.06,7,30,133.06,65
17648,61,4,1797.5,81,487,449.375,250
17649,138,1,868.49,52,399,868.49,138
17650,21,1,166.08,8,150,166.08,21
17651,12,10,3945.0,149,3112,394.5,177
17652,25,12,4867.72,118,2509,405.6433333333334,281
17653,37,4,1207.56,44,1409,301.89,120
17654,277,1,117.55,22,41,117.55,277
17655,11,7,2638.94,66,1116,376.99142857142857,366
17656,73,5,1674.69,67,1399,334.938,129
17658,26,2,595.42,17,616,297.71,211
17659,17,12,2999.46,127,1525,249.955,372
17660,141,1,196.0,37,130,196.0,141
17663,26,7,1802.91,63,797,257.55857142857144,287
17664,19,2,604.64,41,604,302.32,212
17666,4,2,728.16,14,596,364.08,66
17667,66,5,2055.51,85,1033,411.10200000000003,299
17668,1,2,347.75,14,93,173.875,38
17669,43,7,3406.7200000000003,45,1916,486.67428571428576,250
17670,228,1,205.7,11,110,205.7,228
17671,16,4,1572.71,40,772,393.1775,365
17672,50,2,3178.17,105,1690,1589.085,309
17673,2,6,1629.12,118,1487,271.52,320
17674,74,2,551.04,19,672,275.52,369
17675,1,31,20374.28,239,8360,657.2348387096774,367
17676,4,6,1387.68,49,932,231.28,366
17677,2,30,16363.23,178,9775,545.441,369
17678,264,1,298.11,16,207,298.11,264
17679,53,2,1992.1100000000001,29,729,996.0550000000001,86
17680,24,1,184.4,11,96,184.4,24
17682,10,6,2474.33,48,1367,412.3883333333333,368
17684,44,1,239.41,15,145,239.41,44
17685,17,7,3191.53,88,1956,455.9328571428572,372
17686,7,7,5739.46,205,2478,819.9228571428572,303
17690,30,15,4757.95,186,1773,317.19666666666666,373
17691,358,2,290.40000000000003,18,134,145.20000000000002,369
17692,127,4,740.9399999999999,34,672,185.23499999999999,359
17693,137,1,200.47,16,231,200.47,137
17694,142,1,283.12,15,184,283.12,142
17695,132,2,765.34,30,779,382.67,172
17696,38,8,2285.71,78,1756,285.71375,365
17697,236,1,338.95,19,93,338.95,236
17698,261,1,154.95,8,93,154.95,261
17700,17,4,2534.64,116,1266,633.66,281
17701,253,1,417.95,24,109,417.95,253
17702,30,4,1824.37,58,1353,456.0925,206
17703,35,3,798.74,47,590,266.24666666666667,138
17704,169,2,885.19,27,343,442.595,240
17705,3,9,1823.52,63,963,202.61333333333334,302
17706,4,17,10504.49,270,3899,617.9111764705882,367
17707,185,2,152.4,3,144,76.2,336
17708,188,2,267.08,28,91,133.54,325
17709,170,1,137.45,7,17,137.45,170
17711,11,2,385.1,22,246,192.55,290
17712,45,1,522.91,29,215,522.91,45
17714,321,1,153.0,10,92,153.0,321
17715,201,1,326.4,1,384,326.4,201
17716,23,11,5655.99,171,3072,514.180909090909,268
17718,232,1,139.35,6,83,139.35,232
17719,38,15,5396.04,111,2466,359.736,256
17720,26,4,1195.94,39,576,298.985,368
17722,96,4,2424.04,111,1595,606.01,367
17723,127,6,3276.4000000000005,4,792,546.0666666666667,214
17724,71,3,1033.0,38,300,344.3333333333333,138
17725,16,11,3439.08,115,2162,312.64363636363635,267
17727,15,1,1060.25,66,645,1060.25,15
17728,4,3,2876.01,153,1469,958.6700000000001,87
17730,3,13,5298.4800000000005,127,3576,407.5753846153847,326
17731,79,4,1240.11,54,493,310.0275,183
17732,373,1,303.97,18,93,303.97,373
17733,39,2,692.19,33,463,346.095,262
17734,54,3,700.63,40,422,233.54333333333332,234
17735,2,19,13110.02,319,8439,690.001052631579,368
17736,9,3,377.44,24,238,125.81333333333333,113
17737,9,2,168.24,8,108,84.12,58
17738,19,4,1879.05,89,1029,469.7625,282
17739,12,7,2791.35,29,861,398.7642857142857,360
17742,113,2,355.11,13,89,177.555,333
17744,4,6,2322.4,110,3412,387.06666666666666,358
17746,240,1,110.25,6,29,110.25,240
17747,113,1,71.4,1,12,71.4,113
17749,178,2,674.52,33,320,337.26,256
17750,5,9,1797.57,101,3957,199.73,164
17752,359,1,80.64,1,192,80.64,359
17754,1,5,1772.26,82,1869,354.452,260
17757,1,30,5605.29,275,3320,186.843,372
17758,19,8,3456.7000000000003,310,2091,432.08750000000003,250
17759,17,3,834.99,82,708,278.33,169
17760,22,2,287.59,25,239,143.795,373
17761,33,1,712.78,19,398,712.78,33
17763,263,1,15.0,1,12,15.0,263
17764,51,2,818.8199999999999,71,395,409.40999999999997,211
17765,159,3,371.88,51,144,123.96,257
17767,15,1,271.2,21,128,271.2,15
17768,8,3,2273.1800000000003,77,1186,757.7266666666668,166
17769,13,10,3997.98,200,1862,399.798,321
17770,199,5,1143.27,33,365,228.654,282
17771,57,2,245.81,51,287,122.905,323
17772,11,2,182.77,50,58,91.385,11
17774,97,4,1225.41,123,512,306.3525,305
17775,255,1,56.4,3,72,56.4,255
17777,25,3,665.86,141,507,221.95333333333335,100
17779,21,3,658.57,73,397,219.52333333333334,144
17781,159,2,188.02,12,34,94.01,253
17783,72,2,283.47,67,354,141.735,248
17785,53,1,131.94,13,67,131.94,53
17786,85,2,278.74,57,200,139.37,317
17787,153,4,1865.19,94,910,466.2975,371
17788,74,2,1117.9,3,211,558.95,130
17789,281,1,225.9,14,74,225.9,281
17790,27,14,1965.55,121,836,140.39642857142857,365
17791,30,1,106.1,10,46,106.1,30
17793,25,1,323.04,49,232,323.04,25
17795,180,2,350.39,43,341,175.195,265
17796,40,4,697.9,63,178,174.475,370
17797,22,3,780.43,102,498,260.1433333333333,183
17799,22,10,3055.93,280,1758,305.59299999999996,361
17800,37,9,1199.01,51,736,133.22333333333333,334
17802,82,3,1285.04,102,752,428.34666666666664,372
17805,74,1,512.31,10,478,512.31,74
17806,11,1,546.04,43,727,546.04,11
17809,16,12,5411.91,46,2057,450.9925,374
17811,4,39,7837.7300000000005,359,4177,200.9674358974359,334
17812,13,4,732.16,113,350,183.04,368
17813,14,5,1770.8799999999999,297,790,354.176,71
17816,37,4,36.56,16,30,9.14,365
17817,4,3,387.68,32,67,129.22666666666666,277
17819,72,7,3704.87,36,1031,529.2671428571429,371
17824,51,1,298.4,13,408,298.4,51
17827,5,5,1995.46,190,1247,399.092,365
17828,23,4,1820.09,54,667,455.0225,185
17829,299,1,889.24,30,496,889.24,299
17830,2,3,398.7,18,92,132.9,289
17831,33,1,35.400000000000006,2,12,35.400000000000006,33
17832,50,1,155.37,61,208,155.37,50
17835,3,3,350.64,45,348,116.88,23
17836,47,1,110.21000000000001,23,88,110.21000000000001,47
17837,42,8,1593.38,110,518,199.1725,163
17838,27,5,2779.3,96,1879,555.86,372
17839,42,1,338.8,50,285,338.8,42
17841,2,124,40991.57,1323,23071,330.5771774193548,373
17843,303,1,205.48,36,113,205.48,303
17844,107,1,51.559999999999995,5,52,51.559999999999995,107
17846,85,1,2033.1,1,1,2033.1,85
17848,81,9,901.1999999999999,41,398,100.13333333333333,358
17849,218,4,605.8000000000001,14,114,151.45000000000002,334
17850,372,34,5391.21,21,1733,158.565,374
17852,12,2,114.34,21,53,57.17,12
17854,185,2,311.26,15,84,155.63,227
17855,373,1,208.97,17,197,208.97,373
17856,2,4,1418.03,12,842,354.5075,282
17857,4,23,26879.04,19,19256,1168.6539130434783,366
17858,6,12,5155.66,101,2706,429.6383333333333,369
17859,305,1,148.21,23,127,148.21,305
17860,369,1,252.8,49,104,252.8,369
17861,3,8,2100.8,172,1988,262.6,320
17862,324,1,330.9,11,100,330.9,324
17863,59,6,3160.0,110,2638,526.6666666666666,369
17864,13,3,597.5,70,810,199.16666666666666,276
17865,31,20,10526.32,191,5757,526.316,364
17866,143,1,329.65,9,174,329.65,143
17867,30,6,1197.1000000000001,62,542,199.51666666666668,289
17869,107,5,428.18,37,111,85.636,368
17870,2,12,1894.35,214,1401,157.86249999999998,367
17871,205,1,155.9,10,182,155.9,205
17873,80,5,1859.16,24,1047,371.832,373
17874,185,6,683.46,37,221,113.91000000000001,256
17877,170,1,237.61,12,98,237.61,170
17878,44,1,379.45,26,401,379.45,44
17879,174,1,178.51999999999998,6,45,178.51999999999998,174
17880,365,1,458.92,26,314,458.92,365
17881,304,1,133.35000000000002,8,32,133.35000000000002,304
17883,3,4,671.77,133,379,167.9425,246
17884,4,4,717.45,107,854,179.3625,372
17885,12,1,190.19,50,167,190.19,12
17886,32,3,899.61,93,481,299.87,250
17887,129,1,111.35,10,30,111.35,129
17888,21,8,726.05,60,980,90.75625,357
17889,212,2,203.87,20,79,101.935,322
17890,323,2,602.09,88,416,301.045,361
17891,162,1,203.85999999999999,34,393,203.85999999999999,162
17892,56,3,244.1,27,109,81.36666666666666,155
17893,225,1,112.25,15,161,112.25,225
17894,72,8,1119.81,127,405,139.97625,366
17895,44,1,98.0,15,130,98.0,44
17896,23,1,256.32,2,288,256.32,23
17897,173,3,566.6,100,229,188.86666666666667,374
17898,85,2,152.06,27,190,76.03,207
17899,159,1,155.8,29,171,155.8,159
17900,190,2,112.19999999999999,4,73,56.099999999999994,190
17901,29,1,110.38,19,24,110.38,29
17904,21,1,191.67,33,63,191.67,21
17905,71,4,800.24,33,407,200.06,373
17906,247,1,72.9,12,26,72.9,247
17908,374,1,243.28,51,173,243.28,374
17911,9,1,366.23,39,223,366.23,9
17912,310,5,311.01,35,185,62.202,365
17913,59,2,411.6,55,289,205.8,356
17914,4,1,336.43,72,473,336.43,4
17917,45,3,341.28,77,187,113.75999999999999,363
17919,88,1,1304.04,23,756,1304.04,88
17920,4,17,4204.1,407,2516,247.3,374
17921,64,4,826.52,114,430,206.63,266
17923,282,1,207.50000000000003,1,50,207.50000000000003,282
17924,12,7,2962.5,26,1160,423.2142857142857,374
17925,373,1,244.08,1,72,244.08,373
17926,133,2,397.29,17,306,198.645,204
17928,45,2,212.54,23,140,106.27,246
17929,11,4,843.0,4,108,210.75,309
17930,36,5,1740.48,26,1594,348.096,239
17931,134,2,408.36,63,249,204.18,256
17932,29,3,1331.57,84,789,443.8566666666666,211
17934,52,2,704.25,21,478,352.125,59
17935,138,2,145.79,28,82,72.895,142
17936,5,1,389.84,68,262,389.84,5
17937,9,7,4301.22,19,1754,614.46,362
17939,160,1,99.14,12,40,99.14,160
17940,49,10,4106.4400000000005,6,9755,410.64400000000006,303
17941,131,1,304.56,2,252,304.56,131
17942,8,1,77.50000000000001,2,38,77.50000000000001,8
17946,233,2,149.57999999999998,18,75,74.78999999999999,259
17947,37,1,176.68,9,168,176.68,37
17948,147,1,358.56000000000006,1,144,358.56000000000006,147
17949,1,45,58510.48,29,30546,1300.232888888889,371
17950,72,3,482.2,63,366,160.73333333333332,365
17951,40,3,1008.5400000000001,18,616,336.18,374
17954,5,12,2332.72,326,2234,194.39333333333332,371
17955,199,4,557.3,14,273,139.325,220
17956,249,1,12.75,1,1,12.75,249
17957,66,1,111.68,31,287,111.68,66
17958,117,1,508.4599999999999,7,84,508.4599999999999,117
17960,171,1,73.78,26,41,73.78,171
17961,21,39,1296.44,211,560,33.242051282051285,372
17962,142,1,102.83,33,128,102.83,142
17964,32,2,471.7,84,301,235.85,372
17965,38,14,2622.57,274,1556,187.32642857142858,369
17966,38,5,1098.43,53,2571,219.686,261
17967,372,1,123.07,41,80,123.07,372
17968,374,1,277.35,74,160,277.35,374
17969,166,2,228.2,14,152,114.1,361
17970,211,1,582.59,27,525,582.59,211
17972,242,1,136.04,30,37,136.04,242
17973,52,1,337.04,15,176,337.04,52
17974,25,3,740.79,143,519,246.92999999999998,220
17975,15,13,4488.81,189,1568,345.29307692307697,367
17976,372,1,353.19,56,106,353.19,372
17977,29,1,288.14,19,342,288.14,29
17978,365,1,300.91999999999996,12,499,300.91999999999996,365
17979,36,4,757.71,116,397,189.4275,260
17980,166,3,811.45,23,682,270.48333333333335,359
17984,145,1,152.68,48,98,152.68,145
17985,22,1,634.95,20,183,634.95,22
17986,56,1,20.8,1,10,20.8,56
17987,185,1,198.57,13,261,198.57,185
17988,12,7,201.12,37,43,28.731428571428573,327
17990,237,3,630.84,27,414,210.28,362
17991,225,2,93.35,4,25,46.675,226
17994,122,4,678.49,63,497,169.6225,291
17995,282,1,76.1,2,133,76.1,282
17997,74,8,1970.6699999999998,133,2298,246.33374999999998,164
17999,37,2,382.06,87,221,191.03,366
18001,12,2,417.23,56,363,208.615,87
18004,362,1,169.47,32,78,169.47,362
18005,4,2,249.72,52,93,124.86,47
18006,23,1,444.68,21,220,444.68,23
18008,70,9,2116.19,24,1581,235.13222222222223,319
18009,235,1,257.34,31,126,257.34,235
18010,257,1,174.8,14,60,174.8,257
18011,373,1,102.78999999999999,28,71,102.78999999999999,373
18013,155,2,187.29,31,285,93.645,155
18014,28,1,166.42,29,68,166.42,28
18015,4,1,120.03,46,157,120.03,4
18016,32,5,1483.56,90,1029,296.712,364
18017,81,3,523.0,1,300,174.33333333333334,310
18018,108,2,122.14,29,55,61.07,199
18019,52,1,38.45,5,7,38.45,52
18022,36,1,668.11,141,736,668.11,36
18024,153,2,389.78,21,184,194.89,153
18027,99,1,115.31,21,78,115.31,99
18030,4,2,230.64999999999998,8,67,115.32499999999999,42
18032,334,1,73.5,5,42,73.5,334
18033,65,1,97.97,32,253,97.97,65
18034,22,2,422.88,99,561,211.44,22
18035,36,3,730.4,44,611,243.46666666666667,43
18036,32,3,405.62,77,234,135.20666666666668,246
18037,154,6,70.02,19,20,11.67,362
18040,19,2,357.20000000000005,18,148,178.60000000000002,246
18041,12,21,4183.39,285,3819,199.20904761904762,373
18042,54,1,165.04999999999998,7,33,165.04999999999998,54
18043,25,3,559.51,106,282,186.50333333333333,367
18044,4,10,2088.6,88,1033,208.85999999999999,361
18045,45,1,189.4,43,142,189.4,45
18048,203,2,172.29000000000002,6,127,86.14500000000001,203
18050,359,1,74.4,5,40,74.4,359
18053,71,1,300.02,20,302,300.02,71
18055,7,10,6784.1900000000005,223,2455,678.4190000000001,370
18056,288,1,363.65,19,211,363.65,288
18058,10,1,170.16,3,88,170.16,10
18059,23,3,306.46,17,258,102.15333333333332,68
18061,22,10,2119.41,18,955,211.94099999999997,366
18062,173,3,720.52,23,396,240.17333333333332,338
18064,133,2,814.0,7,384,407.0,235
18065,6,14,2392.83,110,1027,170.91642857142855,365
18066,75,1,318.0,10,108,318.0,75
18067,40,1,396.33,36,189,396.33,40
18068,289,1,101.69999999999999,1,6,101.69999999999999,289
18069,26,5,2036.67,334,1311,407.334,327
18071,258,2,453.0,23,260,226.5,366
18072,186,1,247.44,18,288,247.44,186
18073,114,12,3877.5200000000004,23,3108,323.1266666666667,197
18074,374,1,489.6,13,190,489.6,374
18075,23,10,2611.75,97,1464,261.175,361
18077,8,11,2633.0099999999998,101,1878,239.36454545454544,367
18078,217,2,336.13,27,145,168.065,259
18079,45,4,3651.97,99,7432,912.9925,239
18080,19,2,1231.5,2,642,615.75,243
18081,36,3,343.45,14,195,114.48333333333333,134
18082,26,1,703.37,62,621,703.37,26
18084,16,1,90.47999999999999,1,312,90.47999999999999,16
18085,330,2,689.95,25,265,344.975,374
18086,274,1,101.34,7,106,101.34,274
18087,98,2,4055.7199999999993,2,3907,2027.8599999999997,291
18088,61,1,167.67000000000002,35,109,167.67000000000002,61
18092,2,11,9068.26,28,4252,824.3872727272727,366
18093,93,4,2106.52,31,1392,526.63,303
18094,82,7,3017.3,39,2518,431.04285714285714,292
18095,313,2,580.0500000000001,20,419,290.02500000000003,333
18096,12,3,911.15,157,825,303.71666666666664,64
18097,8,6,2697.8,65,1686,449.6333333333334,354
18099,127,1,168.31,19,149,168.31,127
18101,11,2,223.65,37,88,111.825,143
18102,1,60,259657.3,150,64124,4327.621666666667,367
18104,37,1,754.64,38,362,754.64,37
18105,38,1,113.48000000000002,18,46,113.48000000000002,38
18106,330,1,430.7,33,128,430.7,330
18108,254,1,271.0,17,84,271.0,254
18109,2,26,8052.97,119,4237,309.7296153846154,370
18110,20,1,236.3,33,86,236.3,20
18112,12,2,352.69,26,255,176.345,166
18113,369,1,76.32000000000001,1,72,76.32000000000001,369
18114,290,1,220.1,28,55,220.1,290
18116,68,8,1418.03,230,848,177.25375,365
18117,26,1,320.72,68,618,320.72,26
18118,11,26,5653.82,424,2882,217.45461538461538,370
18119,368,1,181.12,29,125,181.12,368
18120,214,1,111.15,17,31,111.15,214
18121,149,2,673.1,28,450,336.55,155
18122,8,6,1826.21,239,1234,304.36833333333334,151
18123,24,2,589.4399999999999,31,594,294.71999999999997,31
18125,30,4,1142.99,164,804,285.7475,316
18126,61,1,206.82999999999998,52,144,206.82999999999998,61
18127,19,3,348.73,41,188,116.24333333333334,134
18129,243,1,112.55000000000001,13,48,112.55000000000001,243
18130,15,3,1059.39,58,824,353.13000000000005,57
18133,212,1,931.4999999999999,1,1350,931.4999999999999,212
18135,29,5,681.9100000000001,11,349,136.382,190
18136,63,3,784.33,34,379,261.4433333333333,320
18138,295,1,152.65,8,38,152.65,295
18139,18,6,8438.34,35,5557,1406.39,18
18142,157,2,1019.52,9,1276,509.76,216
18143,117,2,1000.16,59,570,500.08,142
18144,8,12,2888.75,27,1343,240.72916666666666,373
18145,13,4,2861.55,174,2625,715.3875,313
18146,141,2,160.35000000000002,10,153,80.17500000000001,220
18147,46,2,179.33999999999997,7,203,89.66999999999999,109
18149,51,3,612.0799999999999,11,310,204.02666666666664,274
18150,32,3,566.58,29,332,188.86,202
18151,135,2,653.35,38,355,326.675,290
18154,3,2,399.19,15,255,199.595,44
18155,75,3,371.62,19,266,123.87333333333333,292
18156,13,2,734.94,100,301,367.47,370
18158,9,2,453.4,24,354,226.7,89
18159,301,1,530.15,23,139,530.15,301
18160,57,2,638.0600000000001,37,294,319.03000000000003,200
18161,15,5,1618.69,49,812,323.738,320
18164,37,1,399.65000000000003,24,184,399.65000000000003,37
18165,177,1,302.46000000000004,10,254,302.46000000000004,177
18167,23,3,1384.8600000000001,24,382,461.62000000000006,106
18168,176,6,1169.94,97,594,194.99,372
18169,61,1,202.65,9,61,202.65,61
18170,33,3,980.31,29,409,326.77,217
18171,59,5,1231.31,43,481,246.262,334
18172,15,20,7561.68,100,3184,378.084,290
18173,87,4,2106.84,23,1220,526.71,275
18174,7,1,104.0,1,50,104.0,7
18176,358,1,476.35,30,283,476.35,358
18177,31,6,1341.42,53,710,223.57000000000002,256
18178,129,4,1590.81,80,983,397.7025,365
18179,9,6,1793.17,86,1360,298.8616666666667,336
18180,5,6,1843.75,108,1721,307.2916666666667,143
18181,24,1,382.8,40,146,382.8,24
18183,227,2,632.07,36,371,316.035,275
18184,15,1,49.8,1,60,49.8,15
18185,249,1,304.25,17,183,304.25,249
18188,15,3,2001.04,63,1168,667.0133333333333,290
18189,78,2,1090.24,65,566,545.12,268
18190,192,2,284.46000000000004,14,140,142.23000000000002,331
18191,262,1,207.79999999999998,7,140,207.79999999999998,262
18192,72,1,957.97,45,339,957.97,72
18193,165,1,243.76,16,124,243.76,165
18194,82,1,973.8399999999999,7,632,973.8399999999999,82
18196,95,2,689.13,131,433,344.565,290
18198,4,17,5425.56,81,4074,319.15058823529415,336
18200,106,1,163.8,29,111,163.8,106
18202,200,3,1396.99,55,581,465.66333333333336,311
18203,157,1,160.42000000000002,19,43,160.42000000000002,157
18204,71,3,1993.7,159,1200,664.5666666666667,192
18205,36,2,517.36,30,192,258.68,75
18209,29,1,139.10000000000002,8,58,139.10000000000002,29
18210,2,6,2621.38,109,1398,436.8966666666667,267
18211,26,5,600.07,37,359,120.01400000000001,279
18212,326,1,248.42,30,101,248.42,326
18213,237,1,232.48000000000002,15,232,232.48000000000002,237
18215,89,1,299.34000000000003,13,118,299.34000000000003,89
18216,31,1,481.75,26,200,481.75,31
18217,29,2,621.75,27,491,310.875,71
18218,211,2,662.08,17,584,331.04,282
18219,3,10,2069.77,58,885,206.977,369
18220,227,1,305.28000000000003,2,288,305.28000000000003,227
18221,22,5,1041.61,59,791,208.32199999999997,211
18222,93,1,443.0,19,335,443.0,93
18223,5,14,6484.54,116,2948,463.18142857142857,358
18224,264,1,158.95000000000002,10,69,158.95000000000002,264
18225,3,12,5509.12,150,3244,459.0933333333333,365
18226,44,11,5228.05,141,3466,475.27727272727276,338
18227,218,1,93.75,5,21,93.75,218
18228,57,2,779.9,23,238,389.95,80
18229,12,20,7276.900000000001,66,2488,363.845,373
18230,9,7,2810.2000000000003,32,1316,401.4571428571429,302
18231,192,5,2083.27,106,821,416.654,289
18232,82,4,592.97,31,302,148.2425,197
18233,326,1,440.0,1,4,440.0,326
18235,72,3,1796.48,100,1578,598.8266666666667,217
18236,30,6,882.24,42,403,147.04,241
18237,3,5,987.1,40,622,197.42000000000002,134
18239,219,5,1561.6100000000001,80,795,312.322,372
18240,46,1,422.58,6,126,422.58,46
18241,10,17,2073.09,60,1051,121.9464705882353,218
18242,72,4,2232.4900000000002,72,1017,558.1225000000001,214
18245,7,7,2567.06,153,1788,366.72285714285715,355
18246,24,2,596.1,3,166,298.05,233
18248,123,2,804.02,39,511,402.01,186
18249,17,1,95.34,8,128,95.34,17
18250,310,1,349.27,21,199,349.27,310
18251,87,1,4314.72,16,7824,4314.72,87
18252,51,2,526.67,90,239,263.335,172
18255,89,1,103.3,6,74,103.3,89
18257,39,8,2337.63,97,1041,292.20375,296
18259,25,3,2338.6000000000004,27,714,779.5333333333334,366
18260,173,6,2643.2000000000003,86,1478,440.53333333333336,358
18261,43,2,324.24,19,146,162.12,96
18262,140,1,149.48,13,182,149.48,140
18263,26,3,1213.1599999999999,59,1468,404.3866666666666,253
18265,72,2,801.51,44,311,400.755,158
18268,134,1,25.5,1,2,25.5,134
18269,366,1,168.6,7,76,168.6,366
18270,38,2,283.15,11,101,141.575,267
18272,3,6,3078.58,99,2050,513.0966666666667,247
18273,2,3,204.0,1,80,68.0,258
18274,30,1,175.92,11,88,175.92,30
18276,44,1,335.86,14,186,335.86,44
18277,58,1,110.38,8,68,110.38,58
18278,74,1,173.9,9,66,173.9,74
18280,278,1,180.60000000000002,10,45,180.60000000000002,278
18281,181,1,80.82,7,54,80.82,181
18282,8,2,178.05,12,103,89.025,126
18283,4,16,2094.88,263,1397,130.93,337
18287,43,3,1837.28,59,1586,612.4266666666666,202
